{
  "type": "FeatureCollection",
  "name": "roads",
  "crs": {
    "type": "name",
    "properties": {
      "name": "urn:ogc:def:crs:OGC:1.3:CRS84"
    }
  },
  "xy_coordinate_resolution": 1e-06,
  "features": [
    {
      "type": "Feature",
      "properties": {
        "Name": "شارع حسني المصدر",
        "Shape_Length": 1207.038051392812,
        "Shape_Area": 11414.113046138678,
        "اسم_الشارع": "شارع حسني المصدر",
        "المساحة_م2": 11414.11,
        "المحيط_م": 1207.04,
        "نوع_العنصر": "شارع"
      },
      "geometry": {
        "type": "MultiPolygon",
        "coordinates": [
          [
            [
              [
                34.391975,
                31.420555
              ],
              [
                34.391962,
                31.420559
              ],
              [
                34.391948,
                31.420561
              ],
              [
                34.391934,
                31.420561
              ],
              [
                34.391921,
                31.420559
              ],
              [
                34.391907,
                31.420556
              ],
              [
                34.391895,
                31.42055
              ],
              [
                34.391884,
                31.420543
              ],
              [
                34.391874,
                31.420534
              ],
              [
                34.391867,
                31.420524
              ],
              [
                34.391861,
                31.420514
              ],
              [
                34.391857,
                31.420502
              ],
              [
                34.391856,
                31.42049
              ],
              [
                34.391857,
                31.420478
              ],
              [
                34.391895,
                31.420258
              ],
              [
                34.391908,
                31.420129
              ],
              [
                34.391913,
                31.42
              ],
              [
                34.391911,
                31.419871
              ],
              [
                34.391903,
                31.419742
              ],
              [
                34.391888,
                31.419613
              ],
              [
                34.391866,
                31.419485
              ],
              [
                34.391748,
                31.418893
              ],
              [
                34.391704,
                31.418785
              ],
              [
                34.391653,
                31.41868
              ],
              [
                34.391594,
                31.418577
              ],
              [
                34.391529,
                31.418478
              ],
              [
                34.391458,
                31.418382
              ],
              [
                34.391379,
                31.418289
              ],
              [
                34.390413,
                31.417214
              ],
              [
                34.390361,
                31.417155
              ],
              [
                34.390322,
                31.417112
              ],
              [
                34.390232,
                31.417012
              ],
              [
                34.390182,
                31.416957
              ],
              [
                34.389433,
                31.416122
              ],
              [
                34.38929,
                31.416258
              ],
              [
                34.390155,
                31.417222
              ],
              [
                34.391213,
                31.418399
              ],
              [
                34.391282,
                31.418481
              ],
              [
                34.391347,
                31.418567
              ],
              [
                34.391405,
                31.418655
              ],
              [
                34.391457,
                31.418747
              ],
              [
                34.391503,
                31.41884
              ],
              [
                34.391543,
                31.418936
              ],
              [
                34.391659,
                31.419516
              ],
              [
                34.391679,
                31.419635
              ],
              [
                34.391693,
                31.419754
              ],
              [
                34.391701,
                31.419875
              ],
              [
                34.391703,
                31.419995
              ],
              [
                34.391698,
                31.420116
              ],
              [
                34.391687,
                31.420236
              ],
              [
                34.391614,
                31.420651
              ],
              [
                34.391611,
                31.420662
              ],
              [
                34.391606,
                31.420673
              ],
              [
                34.391599,
                31.420682
              ],
              [
                34.391591,
                31.420691
              ],
              [
                34.391582,
                31.420698
              ],
              [
                34.391571,
                31.420704
              ],
              [
                34.391559,
                31.420709
              ],
              [
                34.391605,
                31.420699
              ],
              [
                34.391608,
                31.420698
              ],
              [
                34.391834,
                31.42061
              ],
              [
                34.391975,
                31.420555
              ]
            ]
          ]
        ]
      }
    },
    {
      "type": "Feature",
      "properties": {
        "Name": "شارع العروقي وابو جلال",
        "Shape_Length": 1530.404039738312,
        "Shape_Area": 18096.24958571545,
        "اسم_الشارع": "شارع العروقي وابو جلال",
        "المساحة_م2": 18096.25,
        "المحيط_م": 1530.4,
        "نوع_العنصر": "شارع"
      },
      "geometry": {
        "type": "MultiPolygon",
        "coordinates": [
          [
            [
              [
                34.395696,
                31.421011
              ],
              [
                34.394899,
                31.419682
              ],
              [
                34.394891,
                31.419665
              ],
              [
                34.394886,
                31.419647
              ],
              [
                34.394885,
                31.419629
              ],
              [
                34.394888,
                31.41961
              ],
              [
                34.394894,
                31.419593
              ],
              [
                34.394903,
                31.419576
              ],
              [
                34.394916,
                31.419561
              ],
              [
                34.394931,
                31.419549
              ],
              [
                34.394949,
                31.419538
              ],
              [
                34.394869,
                31.419577
              ],
              [
                34.394844,
                31.41959
              ],
              [
                34.394729,
                31.419645
              ],
              [
                34.394714,
                31.419653
              ],
              [
                34.394702,
                31.419659
              ],
              [
                34.394614,
                31.419699
              ],
              [
                34.394614,
                31.419699
              ],
              [
                34.394501,
                31.41975
              ],
              [
                34.394519,
                31.419743
              ],
              [
                34.394539,
                31.419739
              ],
              [
                34.394558,
                31.419737
              ],
              [
                34.394578,
                31.419739
              ],
              [
                34.394598,
                31.419742
              ],
              [
                34.394616,
                31.419749
              ],
              [
                34.394633,
                31.419758
              ],
              [
                34.394649,
                31.419769
              ],
              [
                34.394662,
                31.419782
              ],
              [
                34.394672,
                31.419796
              ],
              [
                34.394672,
                31.419796
              ],
              [
                34.395469,
                31.421127
              ],
              [
                34.396134,
                31.421954
              ],
              [
                34.396713,
                31.422676
              ],
              [
                34.396792,
                31.422774
              ],
              [
                34.396813,
                31.422802
              ],
              [
                34.396814,
                31.422802
              ],
              [
                34.396899,
                31.422916
              ],
              [
                34.397005,
                31.423057
              ],
              [
                34.397043,
                31.423106
              ],
              [
                34.39729,
                31.423435
              ],
              [
                34.397571,
                31.423911
              ],
              [
                34.397863,
                31.424405
              ],
              [
                34.398257,
                31.424806
              ],
              [
                34.398619,
                31.42523
              ],
              [
                34.398819,
                31.425083
              ],
              [
                34.398464,
                31.424667
              ],
              [
                34.398083,
                31.42428
              ],
              [
                34.397806,
                31.42381
              ],
              [
                34.397518,
                31.423322
              ],
              [
                34.397263,
                31.422984
              ],
              [
                34.397011,
                31.422649
              ],
              [
                34.39635,
                31.421826
              ],
              [
                34.395696,
                31.421011
              ]
            ]
          ]
        ]
      }
    },
    {
      "type": "Feature",
      "properties": {
        "Name": "شارع السلطاني",
        "Shape_Length": 1161.545351570611,
        "Shape_Area": 11004.702033882857,
        "اسم_الشارع": "شارع السلطاني",
        "المساحة_م2": 11004.7,
        "المحيط_م": 1161.55,
        "نوع_العنصر": "شارع"
      },
      "geometry": {
        "type": "MultiPolygon",
        "coordinates": [
          [
            [
              [
                34.386783,
                31.426696
              ],
              [
                34.386784,
                31.426694
              ],
              [
                34.386791,
                31.426684
              ],
              [
                34.386783,
                31.426696
              ]
            ]
          ],
          [
            [
              [
                34.386783,
                31.426696
              ],
              [
                34.386766,
                31.426721
              ],
              [
                34.386649,
                31.426899
              ],
              [
                34.386649,
                31.426899
              ],
              [
                34.386587,
                31.426993
              ],
              [
                34.386597,
                31.426984
              ],
              [
                34.386608,
                31.426977
              ],
              [
                34.386621,
                31.426972
              ],
              [
                34.386635,
                31.426969
              ],
              [
                34.38665,
                31.426968
              ],
              [
                34.386664,
                31.426969
              ],
              [
                34.386678,
                31.426972
              ],
              [
                34.386691,
                31.426977
              ],
              [
                34.386703,
                31.426983
              ],
              [
                34.386713,
                31.426992
              ],
              [
                34.386722,
                31.427002
              ],
              [
                34.387151,
                31.427594
              ],
              [
                34.387832,
                31.428461
              ],
              [
                34.387972,
                31.428623
              ],
              [
                34.388014,
                31.428671
              ],
              [
                34.388112,
                31.428784
              ],
              [
                34.388134,
                31.428808
              ],
              [
                34.388212,
                31.428892
              ],
              [
                34.388213,
                31.428892
              ],
              [
                34.388268,
                31.428951
              ],
              [
                34.388346,
                31.429032
              ],
              [
                34.388411,
                31.429099
              ],
              [
                34.388508,
                31.4292
              ],
              [
                34.388715,
                31.429412
              ],
              [
                34.388915,
                31.429612
              ],
              [
                34.389014,
                31.429712
              ],
              [
                34.389114,
                31.429812
              ],
              [
                34.389216,
                31.429913
              ],
              [
                34.389423,
                31.430109
              ],
              [
                34.389582,
                31.430266
              ],
              [
                34.389679,
                31.430364
              ],
              [
                34.389772,
                31.430465
              ],
              [
                34.389861,
                31.430568
              ],
              [
                34.389946,
                31.430674
              ],
              [
                34.390073,
                31.43083
              ],
              [
                34.390178,
                31.43074
              ],
              [
                34.390225,
                31.430701
              ],
              [
                34.39012,
                31.430572
              ],
              [
                34.390031,
                31.430462
              ],
              [
                34.389938,
                31.430355
              ],
              [
                34.389841,
                31.43025
              ],
              [
                34.389741,
                31.430147
              ],
              [
                34.38958,
                31.429989
              ],
              [
                34.389373,
                31.429793
              ],
              [
                34.389274,
                31.429694
              ],
              [
                34.389174,
                31.429595
              ],
              [
                34.389075,
                31.429495
              ],
              [
                34.388876,
                31.429295
              ],
              [
                34.38867,
                31.429084
              ],
              [
                34.388572,
                31.428984
              ],
              [
                34.38851,
                31.428919
              ],
              [
                34.388431,
                31.428837
              ],
              [
                34.388376,
                31.428779
              ],
              [
                34.388376,
                31.428778
              ],
              [
                34.388327,
                31.428726
              ],
              [
                34.388297,
                31.428694
              ],
              [
                34.388278,
                31.428674
              ],
              [
                34.388165,
                31.428543
              ],
              [
                34.388141,
                31.428515
              ],
              [
                34.388003,
                31.428357
              ],
              [
                34.387327,
                31.427496
              ],
              [
                34.386791,
                31.426756
              ],
              [
                34.386785,
                31.426747
              ],
              [
                34.386781,
                31.426736
              ],
              [
                34.386779,
                31.426726
              ],
              [
                34.386779,
                31.426715
              ],
              [
                34.38678,
                31.426705
              ],
              [
                34.386783,
                31.426696
              ]
            ]
          ]
        ]
      }
    },
    {
      "type": "Feature",
      "properties": {
        "Name": " شارع الفاروق",
        "Shape_Length": 617.3007392020324,
        "Shape_Area": 3354.7987969563774,
        "اسم_الشارع": " شارع الفاروق",
        "المساحة_م2": 3354.8,
        "المحيط_م": 617.3,
        "نوع_العنصر": "شارع"
      },
      "geometry": {
        "type": "MultiPolygon",
        "coordinates": [
          [
            [
              [
                34.384443,
                31.420114
              ],
              [
                34.384369,
                31.419845
              ],
              [
                34.384341,
                31.419731
              ],
              [
                34.384333,
                31.419705
              ],
              [
                34.383931,
                31.418625
              ],
              [
                34.383928,
                31.418613
              ],
              [
                34.383927,
                31.418602
              ],
              [
                34.383928,
                31.418593
              ],
              [
                34.383928,
                31.41859
              ],
              [
                34.383932,
                31.418578
              ],
              [
                34.383938,
                31.418568
              ],
              [
                34.383945,
                31.418558
              ],
              [
                34.383955,
                31.418549
              ],
              [
                34.383966,
                31.418542
              ],
              [
                34.383978,
                31.418537
              ],
              [
                34.383991,
                31.418533
              ],
              [
                34.384004,
                31.418531
              ],
              [
                34.383994,
                31.418531
              ],
              [
                34.383988,
                31.418532
              ],
              [
                34.38398,
                31.418531
              ],
              [
                34.383967,
                31.418532
              ],
              [
                34.383954,
                31.418531
              ],
              [
                34.383949,
                31.41853
              ],
              [
                34.38394,
                31.41853
              ],
              [
                34.383936,
                31.418529
              ],
              [
                34.38393,
                31.418528
              ],
              [
                34.383893,
                31.418522
              ],
              [
                34.383892,
                31.418521
              ],
              [
                34.383747,
                31.418486
              ],
              [
                34.383703,
                31.418476
              ],
              [
                34.383716,
                31.41848
              ],
              [
                34.383728,
                31.418486
              ],
              [
                34.383739,
                31.418493
              ],
              [
                34.383748,
                31.418502
              ],
              [
                34.383755,
                31.418512
              ],
              [
                34.38376,
                31.418523
              ],
              [
                34.384211,
                31.419733
              ],
              [
                34.384219,
                31.419758
              ],
              [
                34.384316,
                31.420148
              ],
              [
                34.384326,
                31.420179
              ],
              [
                34.38434,
                31.420208
              ],
              [
                34.384502,
                31.4205
              ],
              [
                34.384541,
                31.420569
              ],
              [
                34.384595,
                31.420666
              ],
              [
                34.38463,
                31.420728
              ],
              [
                34.38466,
                31.420783
              ],
              [
                34.384665,
                31.420795
              ],
              [
                34.384668,
                31.420807
              ],
              [
                34.384668,
                31.420819
              ],
              [
                34.384666,
                31.420831
              ],
              [
                34.384662,
                31.420843
              ],
              [
                34.384655,
                31.420854
              ],
              [
                34.384647,
                31.420863
              ],
              [
                34.384636,
                31.420871
              ],
              [
                34.384624,
                31.420878
              ],
              [
                34.384633,
                31.420874
              ],
              [
                34.384644,
                31.420869
              ],
              [
                34.38466,
                31.420863
              ],
              [
                34.384697,
                31.420849
              ],
              [
                34.384697,
                31.420849
              ],
              [
                34.384697,
                31.420849
              ],
              [
                34.384757,
                31.420832
              ],
              [
                34.384814,
                31.420809
              ],
              [
                34.38483,
                31.420802
              ],
              [
                34.384881,
                31.42079
              ],
              [
                34.384868,
                31.420792
              ],
              [
                34.384855,
                31.420793
              ],
              [
                34.384842,
                31.420791
              ],
              [
                34.38483,
                31.420788
              ],
              [
                34.384818,
                31.420784
              ],
              [
                34.384807,
                31.420778
              ],
              [
                34.384797,
                31.42077
              ],
              [
                34.384789,
                31.420761
              ],
              [
                34.384782,
                31.420752
              ],
              [
                34.384473,
                31.420196
              ],
              [
                34.384461,
                31.420172
              ],
              [
                34.384452,
                31.420147
              ],
              [
                34.384445,
                31.420123
              ],
              [
                34.384443,
                31.420114
              ]
            ]
          ]
        ]
      }
    },
    {
      "type": "Feature",
      "properties": {
        "Name": "شارع اليرموك",
        "Shape_Length": 615.1965745289484,
        "Shape_Area": 3306.099931889548,
        "اسم_الشارع": "شارع اليرموك",
        "المساحة_م2": 3306.1,
        "المحيط_م": 615.2,
        "نوع_العنصر": "شارع"
      },
      "geometry": {
        "type": "MultiPolygon",
        "coordinates": [
          [
            [
              [
                34.379477,
                31.424857
              ],
              [
                34.379548,
                31.424803
              ],
              [
                34.379537,
                31.42481
              ],
              [
                34.379524,
                31.424816
              ],
              [
                34.379511,
                31.42482
              ],
              [
                34.379497,
                31.424821
              ],
              [
                34.379482,
                31.424821
              ],
              [
                34.379468,
                31.424819
              ],
              [
                34.379455,
                31.424814
              ],
              [
                34.379443,
                31.424808
              ],
              [
                34.379432,
                31.4248
              ],
              [
                34.379423,
                31.424791
              ],
              [
                34.378802,
                31.424027
              ],
              [
                34.378755,
                31.423969
              ],
              [
                34.378712,
                31.423917
              ],
              [
                34.378669,
                31.423856
              ],
              [
                34.378621,
                31.423788
              ],
              [
                34.377975,
                31.422872
              ],
              [
                34.377969,
                31.422861
              ],
              [
                34.377965,
                31.422849
              ],
              [
                34.377963,
                31.422837
              ],
              [
                34.377963,
                31.422825
              ],
              [
                34.377966,
                31.422814
              ],
              [
                34.377971,
                31.422802
              ],
              [
                34.377979,
                31.422792
              ],
              [
                34.377988,
                31.422783
              ],
              [
                34.377998,
                31.422775
              ],
              [
                34.377934,
                31.422814
              ],
              [
                34.377831,
                31.422877
              ],
              [
                34.377766,
                31.422916
              ],
              [
                34.37776,
                31.422919
              ],
              [
                34.377772,
                31.422914
              ],
              [
                34.377785,
                31.42291
              ],
              [
                34.377798,
                31.422908
              ],
              [
                34.377811,
                31.422908
              ],
              [
                34.377825,
                31.42291
              ],
              [
                34.377838,
                31.422913
              ],
              [
                34.37785,
                31.422918
              ],
              [
                34.37786,
                31.422925
              ],
              [
                34.37787,
                31.422933
              ],
              [
                34.377878,
                31.422943
              ],
              [
                34.378606,
                31.423976
              ],
              [
                34.37934,
                31.424878
              ],
              [
                34.379347,
                31.424888
              ],
              [
                34.379352,
                31.424899
              ],
              [
                34.379354,
                31.42491
              ],
              [
                34.379355,
                31.424922
              ],
              [
                34.379354,
                31.424933
              ],
              [
                34.37935,
                31.424944
              ],
              [
                34.379344,
                31.424955
              ],
              [
                34.379336,
                31.424964
              ],
              [
                34.379327,
                31.424973
              ],
              [
                34.379383,
                31.42493
              ],
              [
                34.379477,
                31.424857
              ]
            ]
          ]
        ]
      }
    },
    {
      "type": "Feature",
      "properties": {
        "Name": " شارع  الشهيد بهاء الدين سعيد",
        "Shape_Length": 1460.1744830759633,
        "Shape_Area": 13834.34464495394,
        "اسم_الشارع": " شارع  الشهيد بهاء الدين سعيد",
        "المساحة_م2": 13834.34,
        "المحيط_م": 1460.17,
        "نوع_العنصر": "شارع"
      },
      "geometry": {
        "type": "MultiPolygon",
        "coordinates": [
          [
            [
              [
                34.394514,
                31.419539
              ],
              [
                34.394613,
                31.419699
              ],
              [
                34.394713,
                31.419653
              ],
              [
                34.394843,
                31.41959
              ],
              [
                34.394869,
                31.419577
              ],
              [
                34.394948,
                31.419538
              ],
              [
                34.395034,
                31.419496
              ],
              [
                34.3952,
                31.419415
              ],
              [
                34.395368,
                31.419334
              ],
              [
                34.395625,
                31.419201
              ],
              [
                34.395838,
                31.419098
              ],
              [
                34.395979,
                31.419032
              ],
              [
                34.396121,
                31.418967
              ],
              [
                34.396263,
                31.418901
              ],
              [
                34.396406,
                31.418835
              ],
              [
                34.396506,
                31.418787
              ],
              [
                34.396606,
                31.418739
              ],
              [
                34.396672,
                31.418705
              ],
              [
                34.396738,
                31.418672
              ],
              [
                34.396803,
                31.418639
              ],
              [
                34.396872,
                31.418604
              ],
              [
                34.396939,
                31.418564
              ],
              [
                34.397003,
                31.418526
              ],
              [
                34.397191,
                31.418411
              ],
              [
                34.39737,
                31.418298
              ],
              [
                34.39764,
                31.41814
              ],
              [
                34.397936,
                31.417962
              ],
              [
                34.398124,
                31.417852
              ],
              [
                34.398259,
                31.417785
              ],
              [
                34.398395,
                31.417717
              ],
              [
                34.398762,
                31.417556
              ],
              [
                34.399237,
                31.417428
              ],
              [
                34.399686,
                31.417379
              ],
              [
                34.399878,
                31.417369
              ],
              [
                34.400251,
                31.417331
              ],
              [
                34.400622,
                31.417294
              ],
              [
                34.400824,
                31.417273
              ],
              [
                34.400867,
                31.417274
              ],
              [
                34.40091,
                31.417275
              ],
              [
                34.400962,
                31.417277
              ],
              [
                34.401005,
                31.417287
              ],
              [
                34.40105,
                31.41731
              ],
              [
                34.401078,
                31.417335
              ],
              [
                34.40109,
                31.41735
              ],
              [
                34.401122,
                31.41738
              ],
              [
                34.401122,
                31.41738
              ],
              [
                34.401118,
                31.417373
              ],
              [
                34.401114,
                31.417366
              ],
              [
                34.401107,
                31.417354
              ],
              [
                34.401103,
                31.417347
              ],
              [
                34.401097,
                31.417336
              ],
              [
                34.401096,
                31.417334
              ],
              [
                34.401084,
                31.417314
              ],
              [
                34.401084,
                31.417314
              ],
              [
                34.401081,
                31.41731
              ],
              [
                34.401072,
                31.417294
              ],
              [
                34.401063,
                31.417278
              ],
              [
                34.401056,
                31.417266
              ],
              [
                34.401049,
                31.417254
              ],
              [
                34.401047,
                31.417251
              ],
              [
                34.401042,
                31.417243
              ],
              [
                34.401034,
                31.417229
              ],
              [
                34.401027,
                31.417217
              ],
              [
                34.40102,
                31.417204
              ],
              [
                34.401018,
                31.417201
              ],
              [
                34.401017,
                31.417199
              ],
              [
                34.401016,
                31.417198
              ],
              [
                34.401009,
                31.417185
              ],
              [
                34.40099,
                31.417153
              ],
              [
                34.400974,
                31.417125
              ],
              [
                34.400947,
                31.417079
              ],
              [
                34.400925,
                31.41704
              ],
              [
                34.400888,
                31.416976
              ],
              [
                34.400854,
                31.416918
              ],
              [
                34.400846,
                31.416904
              ],
              [
                34.400853,
                31.416929
              ],
              [
                34.400855,
                31.416954
              ],
              [
                34.400852,
                31.41698
              ],
              [
                34.400844,
                31.417004
              ],
              [
                34.400832,
                31.417028
              ],
              [
                34.400815,
                31.417049
              ],
              [
                34.400795,
                31.417067
              ],
              [
                34.400771,
                31.417083
              ],
              [
                34.400745,
                31.417095
              ],
              [
                34.400717,
                31.417103
              ],
              [
                34.400674,
                31.417107
              ],
              [
                34.400598,
                31.417115
              ],
              [
                34.400227,
                31.417152
              ],
              [
                34.399858,
                31.417189
              ],
              [
                34.399666,
                31.4172
              ],
              [
                34.399192,
                31.417251
              ],
              [
                34.398682,
                31.417389
              ],
              [
                34.398294,
                31.417559
              ],
              [
                34.398153,
                31.417629
              ],
              [
                34.398012,
                31.417699
              ],
              [
                34.397817,
                31.417814
              ],
              [
                34.397521,
                31.417991
              ],
              [
                34.397248,
                31.418151
              ],
              [
                34.397067,
                31.418265
              ],
              [
                34.396882,
                31.418378
              ],
              [
                34.396819,
                31.418416
              ],
              [
                34.396759,
                31.418452
              ],
              [
                34.396696,
                31.418483
              ],
              [
                34.396631,
                31.418517
              ],
              [
                34.396565,
                31.41855
              ],
              [
                34.396501,
                31.418582
              ],
              [
                34.396403,
                31.41863
              ],
              [
                34.396305,
                31.418677
              ],
              [
                34.396163,
                31.418742
              ],
              [
                34.396021,
                31.418808
              ],
              [
                34.395879,
                31.418874
              ],
              [
                34.395737,
                31.41894
              ],
              [
                34.395519,
                31.419045
              ],
              [
                34.395261,
                31.419178
              ],
              [
                34.395096,
                31.419259
              ],
              [
                34.394931,
                31.419339
              ],
              [
                34.394765,
                31.41942
              ],
              [
                34.3946,
                31.4195
              ],
              [
                34.394514,
                31.419539
              ]
            ]
          ]
        ]
      }
    },
    {
      "type": "Feature",
      "properties": {
        "Name": "شارع خالد بن الوليد",
        "Shape_Length": 955.6401192942209,
        "Shape_Area": 6782.029077044265,
        "اسم_الشارع": "شارع خالد بن الوليد",
        "المساحة_م2": 6782.03,
        "المحيط_م": 955.64,
        "نوع_العنصر": "شارع"
      },
      "geometry": {
        "type": "MultiPolygon",
        "coordinates": [
          [
            [
              [
                34.382628,
                31.421653
              ],
              [
                34.382558,
                31.421532
              ],
              [
                34.382502,
                31.421557
              ],
              [
                34.382502,
                31.421557
              ],
              [
                34.382429,
                31.421589
              ],
              [
                34.382411,
                31.421597
              ],
              [
                34.382206,
                31.421714
              ],
              [
                34.382006,
                31.421829
              ],
              [
                34.38193,
                31.421872
              ],
              [
                34.381908,
                31.421884
              ],
              [
                34.381853,
                31.421915
              ],
              [
                34.38184,
                31.421923
              ],
              [
                34.381737,
                31.421986
              ],
              [
                34.38167,
                31.422028
              ],
              [
                34.381375,
                31.422208
              ],
              [
                34.3809,
                31.422499
              ],
              [
                34.380624,
                31.422666
              ],
              [
                34.380273,
                31.422866
              ],
              [
                34.379936,
                31.423064
              ],
              [
                34.37966,
                31.423227
              ],
              [
                34.379322,
                31.423441
              ],
              [
                34.378986,
                31.423655
              ],
              [
                34.378745,
                31.423808
              ],
              [
                34.378733,
                31.423815
              ],
              [
                34.37872,
                31.423819
              ],
              [
                34.378706,
                31.423822
              ],
              [
                34.378692,
                31.423823
              ],
              [
                34.378678,
                31.423821
              ],
              [
                34.378665,
                31.423818
              ],
              [
                34.378652,
                31.423813
              ],
              [
                34.378641,
                31.423806
              ],
              [
                34.378631,
                31.423798
              ],
              [
                34.378622,
                31.423788
              ],
              [
                34.37867,
                31.423856
              ],
              [
                34.378713,
                31.423917
              ],
              [
                34.378756,
                31.423969
              ],
              [
                34.378803,
                31.424027
              ],
              [
                34.378796,
                31.424016
              ],
              [
                34.378791,
                31.424005
              ],
              [
                34.378788,
                31.423993
              ],
              [
                34.378788,
                31.42398
              ],
              [
                34.37879,
                31.423968
              ],
              [
                34.378795,
                31.423956
              ],
              [
                34.378802,
                31.423946
              ],
              [
                34.378811,
                31.423936
              ],
              [
                34.378822,
                31.423928
              ],
              [
                34.37908,
                31.423763
              ],
              [
                34.379416,
                31.42355
              ],
              [
                34.379751,
                31.423337
              ],
              [
                34.380025,
                31.423175
              ],
              [
                34.380361,
                31.422979
              ],
              [
                34.380713,
                31.422778
              ],
              [
                34.380991,
                31.42261
              ],
              [
                34.381467,
                31.422318
              ],
              [
                34.381728,
                31.422158
              ],
              [
                34.381795,
                31.422117
              ],
              [
                34.381942,
                31.422027
              ],
              [
                34.381967,
                31.422013
              ],
              [
                34.382017,
                31.421985
              ],
              [
                34.382042,
                31.421971
              ],
              [
                34.382093,
                31.421942
              ],
              [
                34.382294,
                31.421827
              ],
              [
                34.382491,
                31.421714
              ],
              [
                34.382518,
                31.421702
              ],
              [
                34.382591,
                31.42167
              ],
              [
                34.382628,
                31.421653
              ]
            ]
          ]
        ]
      }
    },
    {
      "type": "Feature",
      "properties": {
        "Name": "دوار ابو غانم",
        "Shape_Length": 238.17865729020235,
        "Shape_Area": 2040.393121649223,
        "اسم_الشارع": "دوار ابو غانم",
        "المساحة_م2": 2040.39,
        "المحيط_م": 238.18,
        "نوع_العنصر": "شارع"
      },
      "geometry": {
        "type": "MultiPolygon",
        "coordinates": [
          [
            [
              [
                34.39236,
                31.424779
              ],
              [
                34.392032,
                31.424273
              ],
              [
                34.392011,
                31.424233
              ],
              [
                34.391866,
                31.424321
              ],
              [
                34.391867,
                31.424325
              ],
              [
                34.391879,
                31.424361
              ],
              [
                34.391883,
                31.424399
              ],
              [
                34.391882,
                31.424437
              ],
              [
                34.391873,
                31.424475
              ],
              [
                34.391858,
                31.42451
              ],
              [
                34.391836,
                31.424544
              ],
              [
                34.391809,
                31.424574
              ],
              [
                34.391777,
                31.4246
              ],
              [
                34.39174,
                31.424621
              ],
              [
                34.391568,
                31.424669
              ],
              [
                34.391604,
                31.424801
              ],
              [
                34.391803,
                31.424746
              ],
              [
                34.39182,
                31.424738
              ],
              [
                34.391866,
                31.424719
              ],
              [
                34.391914,
                31.424707
              ],
              [
                34.391964,
                31.424701
              ],
              [
                34.392014,
                31.424702
              ],
              [
                34.392063,
                31.42471
              ],
              [
                34.39211,
                31.424725
              ],
              [
                34.392154,
                31.424746
              ],
              [
                34.392194,
                31.424773
              ],
              [
                34.392228,
                31.424804
              ],
              [
                34.392256,
                31.42484
              ],
              [
                34.39236,
                31.424779
              ]
            ]
          ]
        ]
      }
    },
    {
      "type": "Feature",
      "properties": {
        "Name": "دوار الزعفران",
        "Shape_Length": 195.6831241968489,
        "Shape_Area": 1583.4779819148312,
        "اسم_الشارع": "دوار الزعفران",
        "المساحة_م2": 1583.48,
        "المحيط_م": 195.68,
        "نوع_العنصر": "شارع"
      },
      "geometry": {
        "type": "MultiPolygon",
        "coordinates": [
          [
            [
              [
                34.392682,
                31.425885
              ],
              [
                34.392695,
                31.425875
              ],
              [
                34.392711,
                31.425868
              ],
              [
                34.392727,
                31.425863
              ],
              [
                34.392744,
                31.425861
              ],
              [
                34.392762,
                31.425861
              ],
              [
                34.392779,
                31.425863
              ],
              [
                34.392795,
                31.425868
              ],
              [
                34.392811,
                31.425875
              ],
              [
                34.392825,
                31.425884
              ],
              [
                34.392836,
                31.425895
              ],
              [
                34.39293,
                31.425822
              ],
              [
                34.39292,
                31.425809
              ],
              [
                34.392913,
                31.425795
              ],
              [
                34.392909,
                31.42578
              ],
              [
                34.392908,
                31.425764
              ],
              [
                34.39291,
                31.425749
              ],
              [
                34.392915,
                31.425734
              ],
              [
                34.392923,
                31.42572
              ],
              [
                34.392934,
                31.425708
              ],
              [
                34.392947,
                31.425697
              ],
              [
                34.39309,
                31.425598
              ],
              [
                34.392991,
                31.425493
              ],
              [
                34.392976,
                31.425501
              ],
              [
                34.392961,
                31.425507
              ],
              [
                34.392944,
                31.425511
              ],
              [
                34.392927,
                31.425513
              ],
              [
                34.392909,
                31.425512
              ],
              [
                34.392892,
                31.425508
              ],
              [
                34.392876,
                31.425503
              ],
              [
                34.392862,
                31.425495
              ],
              [
                34.392849,
                31.425485
              ],
              [
                34.392838,
                31.425473
              ],
              [
                34.392724,
                31.425331
              ],
              [
                34.39262,
                31.425392
              ],
              [
                34.392659,
                31.425441
              ],
              [
                34.392672,
                31.425494
              ],
              [
                34.392676,
                31.425547
              ],
              [
                34.392673,
                31.425601
              ],
              [
                34.392662,
                31.425654
              ],
              [
                34.392644,
                31.425706
              ],
              [
                34.392619,
                31.425755
              ],
              [
                34.392587,
                31.425801
              ],
              [
                34.392548,
                31.425843
              ],
              [
                34.392643,
                31.425916
              ],
              [
                34.392682,
                31.425885
              ]
            ]
          ]
        ]
      }
    },
    {
      "type": "Feature",
      "properties": {
        "Name": "دوار المستوصف",
        "Shape_Length": 196.74715313629926,
        "Shape_Area": 1645.1676661292852,
        "اسم_الشارع": "دوار المستوصف",
        "المساحة_م2": 1645.17,
        "المحيط_م": 196.75,
        "نوع_العنصر": "شارع"
      },
      "geometry": {
        "type": "MultiPolygon",
        "coordinates": [
          [
            [
              [
                34.38792,
                31.425086
              ],
              [
                34.387961,
                31.425049
              ],
              [
                34.388008,
                31.425018
              ],
              [
                34.388059,
                31.424992
              ],
              [
                34.388114,
                31.424973
              ],
              [
                34.388171,
                31.424961
              ],
              [
                34.38823,
                31.424956
              ],
              [
                34.388357,
                31.424817
              ],
              [
                34.388308,
                31.424815
              ],
              [
                34.38826,
                31.424807
              ],
              [
                34.388214,
                31.424792
              ],
              [
                34.388171,
                31.424772
              ],
              [
                34.388133,
                31.424746
              ],
              [
                34.3881,
                31.424715
              ],
              [
                34.388072,
                31.42468
              ],
              [
                34.388052,
                31.424642
              ],
              [
                34.388038,
                31.424602
              ],
              [
                34.388021,
                31.424532
              ],
              [
                34.387918,
                31.424551
              ],
              [
                34.387919,
                31.424552
              ],
              [
                34.387926,
                31.424597
              ],
              [
                34.387927,
                31.424642
              ],
              [
                34.387921,
                31.424687
              ],
              [
                34.387908,
                31.424731
              ],
              [
                34.387889,
                31.424773
              ],
              [
                34.387864,
                31.424813
              ],
              [
                34.387711,
                31.425026
              ],
              [
                34.387886,
                31.425127
              ],
              [
                34.38792,
                31.425086
              ]
            ]
          ]
        ]
      }
    },
    {
      "type": "Feature",
      "properties": {
        "Name": "شارع الحميدي",
        "Shape_Length": 502.6708001330138,
        "Shape_Area": 2871.883903637385,
        "اسم_الشارع": "شارع الحميدي",
        "المساحة_م2": 2871.88,
        "المحيط_م": 502.67,
        "نوع_العنصر": "شارع"
      },
      "geometry": {
        "type": "MultiPolygon",
        "coordinates": [
          [
            [
              [
                34.382334,
                31.425934
              ],
              [
                34.382719,
                31.425733
              ],
              [
                34.383918,
                31.424952
              ],
              [
                34.383836,
                31.424869
              ],
              [
                34.382648,
                31.425644
              ],
              [
                34.382262,
                31.425844
              ],
              [
                34.382248,
                31.425854
              ],
              [
                34.382178,
                31.4259
              ],
              [
                34.382112,
                31.425945
              ],
              [
                34.382049,
                31.425987
              ],
              [
                34.381951,
                31.426053
              ],
              [
                34.38188,
                31.4261
              ],
              [
                34.381814,
                31.426145
              ],
              [
                34.381889,
                31.426232
              ],
              [
                34.382334,
                31.425934
              ]
            ]
          ]
        ]
      }
    },
    {
      "type": "Feature",
      "properties": {
        "Name": "شارع ابو فياض",
        "Shape_Length": 1981.734906076804,
        "Shape_Area": 10998.764543349536,
        "اسم_الشارع": "شارع ابو فياض",
        "المساحة_م2": 10998.76,
        "المحيط_م": 1981.73,
        "نوع_العنصر": "شارع"
      },
      "geometry": {
        "type": "MultiPolygon",
        "coordinates": [
          [
            [
              [
                34.388541,
                31.428663
              ],
              [
                34.389105,
                31.428271
              ],
              [
                34.389632,
                31.427881
              ],
              [
                34.390028,
                31.427603
              ],
              [
                34.390425,
                31.427324
              ],
              [
                34.390446,
                31.42731
              ],
              [
                34.390607,
                31.427201
              ],
              [
                34.390655,
                31.427168
              ],
              [
                34.390706,
                31.427135
              ],
              [
                34.390725,
                31.427123
              ],
              [
                34.390739,
                31.427115
              ],
              [
                34.390755,
                31.427106
              ],
              [
                34.390778,
                31.427092
              ],
              [
                34.390808,
                31.427076
              ],
              [
                34.390827,
                31.427066
              ],
              [
                34.390838,
                31.427061
              ],
              [
                34.390852,
                31.427054
              ],
              [
                34.3909,
                31.427031
              ],
              [
                34.390918,
                31.427022
              ],
              [
                34.390923,
                31.42702
              ],
              [
                34.390928,
                31.427018
              ],
              [
                34.390925,
                31.427019
              ],
              [
                34.391013,
                31.426983
              ],
              [
                34.39121,
                31.426905
              ],
              [
                34.391403,
                31.42682
              ],
              [
                34.391994,
                31.426524
              ],
              [
                34.392079,
                31.426477
              ],
              [
                34.392161,
                31.426425
              ],
              [
                34.392237,
                31.426367
              ],
              [
                34.392309,
                31.426305
              ],
              [
                34.392375,
                31.426239
              ],
              [
                34.392468,
                31.426133
              ],
              [
                34.392558,
                31.426026
              ],
              [
                34.392643,
                31.425916
              ],
              [
                34.392548,
                31.425843
              ],
              [
                34.392461,
                31.425955
              ],
              [
                34.39237,
                31.426065
              ],
              [
                34.392275,
                31.426172
              ],
              [
                34.392216,
                31.426232
              ],
              [
                34.392151,
                31.426289
              ],
              [
                34.392082,
                31.426341
              ],
              [
                34.392008,
                31.426388
              ],
              [
                34.39193,
                31.42643
              ],
              [
                34.391342,
                31.426726
              ],
              [
                34.391154,
                31.426808
              ],
              [
                34.390968,
                31.426882
              ],
              [
                34.390969,
                31.426881
              ],
              [
                34.390962,
                31.426884
              ],
              [
                34.39087,
                31.426922
              ],
              [
                34.390854,
                31.426929
              ],
              [
                34.390769,
                31.42697
              ],
              [
                34.390753,
                31.426978
              ],
              [
                34.390688,
                31.427014
              ],
              [
                34.39066,
                31.42703
              ],
              [
                34.390576,
                31.427083
              ],
              [
                34.390536,
                31.427111
              ],
              [
                34.390346,
                31.42724
              ],
              [
                34.389948,
                31.427519
              ],
              [
                34.389551,
                31.427798
              ],
              [
                34.389023,
                31.428189
              ],
              [
                34.388467,
                31.428575
              ],
              [
                34.388439,
                31.428591
              ],
              [
                34.388409,
                31.428604
              ],
              [
                34.388376,
                31.428612
              ],
              [
                34.388342,
                31.428615
              ],
              [
                34.388309,
                31.428614
              ],
              [
                34.388275,
                31.428608
              ],
              [
                34.388244,
                31.428597
              ],
              [
                34.388214,
                31.428583
              ],
              [
                34.388188,
                31.428564
              ],
              [
                34.388166,
                31.428542
              ],
              [
                34.388279,
                31.428673
              ],
              [
                34.388298,
                31.428693
              ],
              [
                34.388328,
                31.428725
              ],
              [
                34.388377,
                31.428777
              ],
              [
                34.388377,
                31.428778
              ],
              [
                34.388432,
                31.428836
              ],
              [
                34.388511,
                31.428918
              ],
              [
                34.388492,
                31.428895
              ],
              [
                34.388477,
                31.428869
              ],
              [
                34.388468,
                31.428842
              ],
              [
                34.388463,
                31.428814
              ],
              [
                34.388464,
                31.428785
              ],
              [
                34.38847,
                31.428757
              ],
              [
                34.388481,
                31.42873
              ],
              [
                34.388497,
                31.428705
              ],
              [
                34.388517,
                31.428683
              ],
              [
                34.388541,
                31.428663
              ]
            ]
          ],
          [
            [
              [
                34.385536,
                31.430791
              ],
              [
                34.388051,
                31.429007
              ],
              [
                34.388078,
                31.428991
              ],
              [
                34.388108,
                31.428978
              ],
              [
                34.388139,
                31.42897
              ],
              [
                34.388172,
                31.428966
              ],
              [
                34.388205,
                31.428967
              ],
              [
                34.388238,
                31.428971
              ],
              [
                34.388269,
                31.428981
              ],
              [
                34.388298,
                31.428994
              ],
              [
                34.388324,
                31.429011
              ],
              [
                34.388347,
                31.429031
              ],
              [
                34.388269,
                31.42895
              ],
              [
                34.388214,
                31.428891
              ],
              [
                34.388213,
                31.428891
              ],
              [
                34.388135,
                31.428807
              ],
              [
                34.388113,
                31.428784
              ],
              [
                34.388015,
                31.42867
              ],
              [
                34.388033,
                31.428696
              ],
              [
                34.388047,
                31.428724
              ],
              [
                34.388055,
                31.428754
              ],
              [
                34.388056,
                31.428785
              ],
              [
                34.388052,
                31.428815
              ],
              [
                34.388042,
                31.428844
              ],
              [
                34.388026,
                31.428871
              ],
              [
                34.388005,
                31.428896
              ],
              [
                34.38798,
                31.428917
              ],
              [
                34.385425,
                31.43073
              ],
              [
                34.385395,
                31.430747
              ],
              [
                34.385363,
                31.43076
              ],
              [
                34.385328,
                31.430768
              ],
              [
                34.385292,
                31.430771
              ],
              [
                34.385257,
                31.430769
              ],
              [
                34.385222,
                31.430761
              ],
              [
                34.385189,
                31.430749
              ],
              [
                34.385159,
                31.430732
              ],
              [
                34.385133,
                31.43071
              ],
              [
                34.385268,
                31.430841
              ],
              [
                34.385355,
                31.43092
              ],
              [
                34.385524,
                31.43106
              ],
              [
                34.385501,
                31.431037
              ],
              [
                34.385482,
                31.431011
              ],
              [
                34.385469,
                31.430983
              ],
              [
                34.385462,
                31.430954
              ],
              [
                34.38546,
                31.430923
              ],
              [
                34.385464,
                31.430893
              ],
              [
                34.385474,
                31.430864
              ],
              [
                34.38549,
                31.430837
              ],
              [
                34.385511,
                31.430812
              ],
              [
                34.385536,
                31.430791
              ]
            ]
          ]
        ]
      }
    },
    {
      "type": "Feature",
      "properties": {
        "Name": "شارع نظام ابو سعيد",
        "Shape_Length": 1257.6591897598155,
        "Shape_Area": 6753.3339858926065,
        "اسم_الشارع": "شارع نظام ابو سعيد",
        "المساحة_م2": 6753.33,
        "المحيط_م": 1257.66,
        "نوع_العنصر": "شارع"
      },
      "geometry": {
        "type": "MultiPolygon",
        "coordinates": [
          [
            [
              [
                34.390901,
                31.426908
              ],
              [
                34.390962,
                31.426884
              ],
              [
                34.390968,
                31.426882
              ],
              [
                34.390935,
                31.426891
              ],
              [
                34.3909,
                31.426896
              ],
              [
                34.390864,
                31.426896
              ],
              [
                34.390828,
                31.42689
              ],
              [
                34.390795,
                31.42688
              ],
              [
                34.390764,
                31.426864
              ],
              [
                34.390736,
                31.426844
              ],
              [
                34.390528,
                31.426667
              ],
              [
                34.390308,
                31.426523
              ],
              [
                34.390086,
                31.426382
              ],
              [
                34.389978,
                31.426317
              ],
              [
                34.389876,
                31.426246
              ],
              [
                34.389778,
                31.426171
              ],
              [
                34.389686,
                31.42609
              ],
              [
                34.389634,
                31.426035
              ],
              [
                34.389588,
                31.425977
              ],
              [
                34.389548,
                31.425916
              ],
              [
                34.389514,
                31.425851
              ],
              [
                34.389487,
                31.425785
              ],
              [
                34.389466,
                31.425717
              ],
              [
                34.389453,
                31.425647
              ],
              [
                34.389447,
                31.425577
              ],
              [
                34.389432,
                31.425218
              ],
              [
                34.389428,
                31.424996
              ],
              [
                34.389431,
                31.424985
              ],
              [
                34.389434,
                31.424973
              ],
              [
                34.389438,
                31.424962
              ],
              [
                34.389445,
                31.424953
              ],
              [
                34.389453,
                31.424944
              ],
              [
                34.389463,
                31.424936
              ],
              [
                34.389474,
                31.424929
              ],
              [
                34.389486,
                31.424924
              ],
              [
                34.389499,
                31.424921
              ],
              [
                34.389512,
                31.424918
              ],
              [
                34.389466,
                31.424921
              ],
              [
                34.389426,
                31.424923
              ],
              [
                34.389426,
                31.424923
              ],
              [
                34.389366,
                31.424926
              ],
              [
                34.3893,
                31.424928
              ],
              [
                34.389214,
                31.42493
              ],
              [
                34.389227,
                31.424931
              ],
              [
                34.389241,
                31.424934
              ],
              [
                34.389253,
                31.424938
              ],
              [
                34.389265,
                31.424943
              ],
              [
                34.389275,
                31.424951
              ],
              [
                34.389284,
                31.424959
              ],
              [
                34.389291,
                31.424969
              ],
              [
                34.389297,
                31.424979
              ],
              [
                34.3893,
                31.424991
              ],
              [
                34.389302,
                31.425002
              ],
              [
                34.389306,
                31.42522
              ],
              [
                34.38932,
                31.42558
              ],
              [
                34.389328,
                31.42566
              ],
              [
                34.389343,
                31.425739
              ],
              [
                34.389366,
                31.425817
              ],
              [
                34.389397,
                31.425892
              ],
              [
                34.389435,
                31.425965
              ],
              [
                34.389481,
                31.426035
              ],
              [
                34.389533,
                31.426101
              ],
              [
                34.389592,
                31.426163
              ],
              [
                34.389689,
                31.426248
              ],
              [
                34.389792,
                31.426327
              ],
              [
                34.3899,
                31.426402
              ],
              [
                34.390013,
                31.42647
              ],
              [
                34.39023,
                31.426608
              ],
              [
                34.390444,
                31.426748
              ],
              [
                34.390554,
                31.426842
              ],
              [
                34.390577,
                31.426865
              ],
              [
                34.390595,
                31.426891
              ],
              [
                34.390607,
                31.426919
              ],
              [
                34.390614,
                31.426949
              ],
              [
                34.390615,
                31.42698
              ],
              [
                34.39061,
                31.42701
              ],
              [
                34.390599,
                31.427039
              ],
              [
                34.390583,
                31.427066
              ],
              [
                34.390562,
                31.42709
              ],
              [
                34.390536,
                31.427111
              ],
              [
                34.390576,
                31.427083
              ],
              [
                34.39066,
                31.42703
              ],
              [
                34.390667,
                31.427026
              ],
              [
                34.390688,
                31.427014
              ],
              [
                34.390729,
                31.426991
              ],
              [
                34.390753,
                31.426978
              ],
              [
                34.390762,
                31.426973
              ],
              [
                34.390769,
                31.42697
              ],
              [
                34.390785,
                31.426962
              ],
              [
                34.390842,
                31.426935
              ],
              [
                34.390854,
                31.426929
              ],
              [
                34.39086,
                31.426926
              ],
              [
                34.39087,
                31.426922
              ],
              [
                34.390901,
                31.426908
              ]
            ]
          ],
          [
            [
              [
                34.390862,
                31.427294
              ],
              [
                34.390842,
                31.42727
              ],
              [
                34.390827,
                31.427244
              ],
              [
                34.390818,
                31.427216
              ],
              [
                34.390813,
                31.427187
              ],
              [
                34.390815,
                31.427157
              ],
              [
                34.390821,
                31.427128
              ],
              [
                34.390834,
                31.427101
              ],
              [
                34.390851,
                31.427075
              ],
              [
                34.390873,
                31.427053
              ],
              [
                34.390899,
                31.427033
              ],
              [
                34.390925,
                31.427019
              ],
              [
                34.390923,
                31.42702
              ],
              [
                34.390918,
                31.427022
              ],
              [
                34.3909,
                31.427031
              ],
              [
                34.390852,
                31.427054
              ],
              [
                34.390838,
                31.427061
              ],
              [
                34.390827,
                31.427066
              ],
              [
                34.390808,
                31.427076
              ],
              [
                34.390778,
                31.427092
              ],
              [
                34.390755,
                31.427106
              ],
              [
                34.390739,
                31.427115
              ],
              [
                34.390725,
                31.427123
              ],
              [
                34.390706,
                31.427135
              ],
              [
                34.390707,
                31.427135
              ],
              [
                34.390655,
                31.427168
              ],
              [
                34.390607,
                31.427201
              ],
              [
                34.390446,
                31.42731
              ],
              [
                34.390476,
                31.427293
              ],
              [
                34.390509,
                31.42728
              ],
              [
                34.390544,
                31.427273
              ],
              [
                34.39058,
                31.427271
              ],
              [
                34.390616,
                31.427274
              ],
              [
                34.390651,
                31.427282
              ],
              [
                34.390683,
                31.427296
              ],
              [
                34.390712,
                31.427314
              ],
              [
                34.390738,
                31.427336
              ],
              [
                34.392281,
                31.428917
              ],
              [
                34.392368,
                31.428839
              ],
              [
                34.390862,
                31.427294
              ]
            ]
          ]
        ]
      }
    },
    {
      "type": "Feature",
      "properties": {
        "Name": "شارع ابو فياض",
        "Shape_Length": 1037.1990940060643,
        "Shape_Area": 7257.745012183466,
        "اسم_الشارع": "شارع ابو فياض",
        "المساحة_م2": 7257.75,
        "المحيط_م": 1037.2,
        "نوع_العنصر": "شارع"
      },
      "geometry": {
        "type": "MultiPolygon",
        "coordinates": [
          [
            [
              [
                34.396814,
                31.422996
              ],
              [
                34.396848,
                31.422994
              ],
              [
                34.396882,
                31.422997
              ],
              [
                34.396915,
                31.423005
              ],
              [
                34.396946,
                31.423017
              ],
              [
                34.396974,
                31.423033
              ],
              [
                34.396999,
                31.423053
              ],
              [
                34.397004,
                31.423058
              ],
              [
                34.39702,
                31.423077
              ],
              [
                34.396899,
                31.422916
              ],
              [
                34.396899,
                31.422916
              ],
              [
                34.396814,
                31.422802
              ],
              [
                34.396792,
                31.422774
              ],
              [
                34.396699,
                31.422657
              ],
              [
                34.396712,
                31.422677
              ],
              [
                34.396716,
                31.422684
              ],
              [
                34.396729,
                31.422713
              ],
              [
                34.396735,
                31.422744
              ],
              [
                34.396735,
                31.422774
              ],
              [
                34.396729,
                31.422805
              ],
              [
                34.396717,
                31.422834
              ],
              [
                34.396699,
                31.422861
              ],
              [
                34.396677,
                31.422885
              ],
              [
                34.39665,
                31.422905
              ],
              [
                34.395842,
                31.423413
              ],
              [
                34.39576,
                31.423469
              ],
              [
                34.395682,
                31.423529
              ],
              [
                34.395611,
                31.423595
              ],
              [
                34.395545,
                31.423665
              ],
              [
                34.395375,
                31.423859
              ],
              [
                34.395327,
                31.423911
              ],
              [
                34.395276,
                31.423961
              ],
              [
                34.395221,
                31.424008
              ],
              [
                34.394804,
                31.424351
              ],
              [
                34.394751,
                31.424392
              ],
              [
                34.394695,
                31.424429
              ],
              [
                34.394636,
                31.424463
              ],
              [
                34.39439,
                31.424596
              ],
              [
                34.394072,
                31.424763
              ],
              [
                34.393978,
                31.424814
              ],
              [
                34.393889,
                31.424871
              ],
              [
                34.392991,
                31.425493
              ],
              [
                34.39309,
                31.425598
              ],
              [
                34.393556,
                31.425275
              ],
              [
                34.393722,
                31.425161
              ],
              [
                34.39382,
                31.425093
              ],
              [
                34.393982,
                31.424981
              ],
              [
                34.393988,
                31.424976
              ],
              [
                34.394068,
                31.424925
              ],
              [
                34.394152,
                31.424879
              ],
              [
                34.394155,
                31.424878
              ],
              [
                34.394473,
                31.424711
              ],
              [
                34.39472,
                31.424578
              ],
              [
                34.394788,
                31.424538
              ],
              [
                34.394852,
                31.424495
              ],
              [
                34.394913,
                31.424449
              ],
              [
                34.395331,
                31.424105
              ],
              [
                34.395391,
                31.424053
              ],
              [
                34.395448,
                31.423998
              ],
              [
                34.395501,
                31.42394
              ],
              [
                34.395671,
                31.423746
              ],
              [
                34.39573,
                31.423684
              ],
              [
                34.395793,
                31.423626
              ],
              [
                34.395862,
                31.423572
              ],
              [
                34.395935,
                31.423522
              ],
              [
                34.396721,
                31.423028
              ],
              [
                34.396721,
                31.423028
              ],
              [
                34.396749,
                31.423014
              ],
              [
                34.39678,
                31.423002
              ],
              [
                34.396814,
                31.422996
              ]
            ]
          ]
        ]
      }
    },
    {
      "type": "Feature",
      "properties": {
        "Name": "شارع ابو رويضة",
        "Shape_Length": 598.4078909360967,
        "Shape_Area": 3437.791755043305,
        "اسم_الشارع": "شارع ابو رويضة",
        "المساحة_م2": 3437.79,
        "المحيط_م": 598.41,
        "نوع_العنصر": "شارع"
      },
      "geometry": {
        "type": "MultiPolygon",
        "coordinates": [
          [
            [
              [
                34.393068,
                31.425975
              ],
              [
                34.392927,
                31.425819
              ],
              [
                34.392833,
                31.425892
              ],
              [
                34.39297,
                31.426044
              ],
              [
                34.393692,
                31.426763
              ],
              [
                34.394231,
                31.427331
              ],
              [
                34.394732,
                31.427858
              ],
              [
                34.394766,
                31.427852
              ],
              [
                34.39487,
                31.427832
              ],
              [
                34.394329,
                31.427262
              ],
              [
                34.393789,
                31.426693
              ],
              [
                34.393068,
                31.425975
              ]
            ]
          ]
        ]
      }
    },
    {
      "type": "Feature",
      "properties": {
        "Name": "شارع بحيري",
        "Shape_Length": 1065.4787339608156,
        "Shape_Area": 10086.749346490193,
        "اسم_الشارع": "شارع بحيري",
        "المساحة_م2": 10086.75,
        "المحيط_م": 1065.48,
        "نوع_العنصر": "شارع"
      },
      "geometry": {
        "type": "MultiPolygon",
        "coordinates": [
          [
            [
              [
                34.402824,
                31.419006
              ],
              [
                34.402441,
                31.418597
              ],
              [
                34.40203,
                31.418243
              ],
              [
                34.401586,
                31.417746
              ],
              [
                34.401345,
                31.417369
              ],
              [
                34.401321,
                31.417335
              ],
              [
                34.401303,
                31.417297
              ],
              [
                34.401277,
                31.417259
              ],
              [
                34.401255,
                31.417221
              ],
              [
                34.401237,
                31.417189
              ],
              [
                34.401211,
                31.417145
              ],
              [
                34.401139,
                31.41702
              ],
              [
                34.401061,
                31.416885
              ],
              [
                34.400987,
                31.416756
              ],
              [
                34.400905,
                31.416613
              ],
              [
                34.400811,
                31.41645
              ],
              [
                34.400674,
                31.416213
              ],
              [
                34.400532,
                31.415967
              ],
              [
                34.400436,
                31.4158
              ],
              [
                34.400296,
                31.415557
              ],
              [
                34.400155,
                31.415314
              ],
              [
                34.400035,
                31.415105
              ],
              [
                34.399848,
                31.415183
              ],
              [
                34.399977,
                31.415405
              ],
              [
                34.400096,
                31.415609
              ],
              [
                34.400191,
                31.415773
              ],
              [
                34.400253,
                31.415881
              ],
              [
                34.400328,
                31.416009
              ],
              [
                34.400416,
                31.416162
              ],
              [
                34.400484,
                31.416278
              ],
              [
                34.400576,
                31.416438
              ],
              [
                34.400691,
                31.416635
              ],
              [
                34.400792,
                31.41681
              ],
              [
                34.400826,
                31.416868
              ],
              [
                34.400855,
                31.416918
              ],
              [
                34.400888,
                31.416976
              ],
              [
                34.400926,
                31.41704
              ],
              [
                34.400957,
                31.417094
              ],
              [
                34.400975,
                31.417125
              ],
              [
                34.400991,
                31.417153
              ],
              [
                34.40101,
                31.417185
              ],
              [
                34.401028,
                31.417217
              ],
              [
                34.401035,
                31.417229
              ],
              [
                34.401043,
                31.417243
              ],
              [
                34.401057,
                31.417266
              ],
              [
                34.401064,
                31.417278
              ],
              [
                34.401073,
                31.417294
              ],
              [
                34.401085,
                31.417314
              ],
              [
                34.401098,
                31.417336
              ],
              [
                34.401111,
                31.417359
              ],
              [
                34.401124,
                31.417382
              ],
              [
                34.401169,
                31.417459
              ],
              [
                34.401216,
                31.417541
              ],
              [
                34.401409,
                31.417844
              ],
              [
                34.401871,
                31.418362
              ],
              [
                34.402284,
                31.418717
              ],
              [
                34.402656,
                31.419115
              ],
              [
                34.402824,
                31.419006
              ]
            ]
          ]
        ]
      }
    },
    {
      "type": "Feature",
      "properties": {
        "Name": "شارع ابو هيثم سعيد",
        "Shape_Length": 727.7740276006585,
        "Shape_Area": 4006.2951748642963,
        "اسم_الشارع": "شارع ابو هيثم سعيد",
        "المساحة_م2": 4006.3,
        "المحيط_م": 727.77,
        "نوع_العنصر": "شارع"
      },
      "geometry": {
        "type": "MultiPolygon",
        "coordinates": [
          [
            [
              [
                34.394199,
                31.425506
              ],
              [
                34.393949,
                31.425233
              ],
              [
                34.393929,
                31.425207
              ],
              [
                34.393914,
                31.425178
              ],
              [
                34.393906,
                31.425148
              ],
              [
                34.393904,
                31.425117
              ],
              [
                34.393908,
                31.425086
              ],
              [
                34.393918,
                31.425056
              ],
              [
                34.393934,
                31.425028
              ],
              [
                34.393956,
                31.425003
              ],
              [
                34.393982,
                31.424981
              ],
              [
                34.39382,
                31.425093
              ],
              [
                34.393722,
                31.425161
              ],
              [
                34.393556,
                31.425275
              ],
              [
                34.393584,
                31.425259
              ],
              [
                34.393614,
                31.425247
              ],
              [
                34.393646,
                31.425239
              ],
              [
                34.393679,
                31.425236
              ],
              [
                34.393712,
                31.425237
              ],
              [
                34.393744,
                31.425242
              ],
              [
                34.393776,
                31.425252
              ],
              [
                34.393805,
                31.425266
              ],
              [
                34.393831,
                31.425283
              ],
              [
                34.393853,
                31.425304
              ],
              [
                34.394097,
                31.42557
              ],
              [
                34.394158,
                31.42565
              ],
              [
                34.394213,
                31.425734
              ],
              [
                34.394261,
                31.425806
              ],
              [
                34.394313,
                31.425875
              ],
              [
                34.39437,
                31.425942
              ],
              [
                34.395906,
                31.427391
              ],
              [
                34.395943,
                31.427265
              ],
              [
                34.394467,
                31.425873
              ],
              [
                34.394413,
                31.425809
              ],
              [
                34.394364,
                31.425743
              ],
              [
                34.394319,
                31.425674
              ],
              [
                34.394262,
                31.425588
              ],
              [
                34.394199,
                31.425506
              ]
            ]
          ]
        ]
      }
    },
    {
      "type": "Feature",
      "properties": {
        "Name": "شارع الشيخ يوسف",
        "Shape_Length": 527.2754165629898,
        "Shape_Area": 1933.4071842124436,
        "اسم_الشارع": "شارع الشيخ يوسف",
        "المساحة_م2": 1933.41,
        "المحيط_م": 527.28,
        "نوع_العنصر": "شارع"
      },
      "geometry": {
        "type": "MultiPolygon",
        "coordinates": [
          [
            [
              [
                34.38188,
                31.4261
              ],
              [
                34.381951,
                31.426053
              ],
              [
                34.38194,
                31.426059
              ],
              [
                34.381927,
                31.426064
              ],
              [
                34.381914,
                31.426067
              ],
              [
                34.3819,
                31.426068
              ],
              [
                34.381886,
                31.426067
              ],
              [
                34.381873,
                31.426064
              ],
              [
                34.38186,
                31.42606
              ],
              [
                34.381849,
                31.426054
              ],
              [
                34.381838,
                31.426046
              ],
              [
                34.38183,
                31.426037
              ],
              [
                34.38151,
                31.425636
              ],
              [
                34.380509,
                31.424394
              ],
              [
                34.380502,
                31.424384
              ],
              [
                34.380497,
                31.424374
              ],
              [
                34.380494,
                31.424362
              ],
              [
                34.380494,
                31.424351
              ],
              [
                34.380495,
                31.424339
              ],
              [
                34.380499,
                31.424328
              ],
              [
                34.380504,
                31.424318
              ],
              [
                34.380512,
                31.424308
              ],
              [
                34.380521,
                31.424299
              ],
              [
                34.380466,
                31.424341
              ],
              [
                34.380403,
                31.424389
              ],
              [
                34.380354,
                31.424427
              ],
              [
                34.380332,
                31.424444
              ],
              [
                34.380343,
                31.424437
              ],
              [
                34.380356,
                31.424431
              ],
              [
                34.38037,
                31.424427
              ],
              [
                34.380381,
                31.424426
              ],
              [
                34.380381,
                31.424426
              ],
              [
                34.380384,
                31.424426
              ],
              [
                34.380398,
                31.424426
              ],
              [
                34.380412,
                31.424429
              ],
              [
                34.380425,
                31.424433
              ],
              [
                34.380437,
                31.424439
              ],
              [
                34.380448,
                31.424447
              ],
              [
                34.380457,
                31.424457
              ],
              [
                34.38144,
                31.425677
              ],
              [
                34.381814,
                31.426145
              ],
              [
                34.38188,
                31.4261
              ]
            ]
          ]
        ]
      }
    },
    {
      "type": "Feature",
      "properties": {
        "Name": "شارع جمعية الصلاح",
        "Shape_Length": 544.8357562380947,
        "Shape_Area": 1972.1254026673166,
        "اسم_الشارع": "شارع جمعية الصلاح",
        "المساحة_م2": 1972.13,
        "المحيط_م": 544.84,
        "نوع_العنصر": "شارع"
      },
      "geometry": {
        "type": "MultiPolygon",
        "coordinates": [
          [
            [
              [
                34.382178,
                31.4259
              ],
              [
                34.382248,
                31.425854
              ],
              [
                34.382237,
                31.42586
              ],
              [
                34.382224,
                31.425865
              ],
              [
                34.382211,
                31.425868
              ],
              [
                34.382197,
                31.425869
              ],
              [
                34.382184,
                31.425868
              ],
              [
                34.382171,
                31.425865
              ],
              [
                34.382158,
                31.425861
              ],
              [
                34.382146,
                31.425855
              ],
              [
                34.382136,
                31.425847
              ],
              [
                34.382127,
                31.425838
              ],
              [
                34.381698,
                31.425316
              ],
              [
                34.381122,
                31.424596
              ],
              [
                34.380797,
                31.424167
              ],
              [
                34.380791,
                31.424157
              ],
              [
                34.380787,
                31.424146
              ],
              [
                34.380784,
                31.424135
              ],
              [
                34.380784,
                31.424124
              ],
              [
                34.380786,
                31.424113
              ],
              [
                34.380789,
                31.424102
              ],
              [
                34.380795,
                31.424092
              ],
              [
                34.380802,
                31.424082
              ],
              [
                34.380811,
                31.424074
              ],
              [
                34.380758,
                31.424115
              ],
              [
                34.380695,
                31.424165
              ],
              [
                34.380644,
                31.424204
              ],
              [
                34.380622,
                31.424221
              ],
              [
                34.380634,
                31.424214
              ],
              [
                34.380647,
                31.424208
              ],
              [
                34.380661,
                31.424204
              ],
              [
                34.380675,
                31.424203
              ],
              [
                34.38069,
                31.424204
              ],
              [
                34.380704,
                31.424206
              ],
              [
                34.380717,
                31.424211
              ],
              [
                34.38073,
                31.424218
              ],
              [
                34.38074,
                31.424226
              ],
              [
                34.380749,
                31.424236
              ],
              [
                34.381052,
                31.424636
              ],
              [
                34.381629,
                31.425357
              ],
              [
                34.382066,
                31.425889
              ],
              [
                34.382073,
                31.425899
              ],
              [
                34.382078,
                31.425911
              ],
              [
                34.382081,
                31.425923
              ],
              [
                34.382081,
                31.425935
              ],
              [
                34.382079,
                31.425947
              ],
              [
                34.382075,
                31.425958
              ],
              [
                34.382068,
                31.425969
              ],
              [
                34.382059,
                31.425979
              ],
              [
                34.382049,
                31.425987
              ],
              [
                34.382112,
                31.425945
              ],
              [
                34.382178,
                31.4259
              ]
            ]
          ]
        ]
      }
    },
    {
      "type": "Feature",
      "properties": {
        "Name": "سكة الحديد",
        "Shape_Length": 3269.3686533621208,
        "Shape_Area": 43674.03142862904,
        "اسم_الشارع": "سكة الحديد",
        "المساحة_م2": 43674.03,
        "المحيط_م": 3269.37,
        "نوع_العنصر": "شارع"
      },
      "geometry": {
        "type": "MultiPolygon",
        "coordinates": [
          [
            [
              [
                34.376454,
                31.423611
              ],
              [
                34.376698,
                31.423441
              ],
              [
                34.376706,
                31.423436
              ],
              [
                34.376768,
                31.423392
              ],
              [
                34.376754,
                31.423399
              ],
              [
                34.37674,
                31.423404
              ],
              [
                34.376727,
                31.423407
              ],
              [
                34.376713,
                31.423409
              ],
              [
                34.376699,
                31.423408
              ],
              [
                34.376685,
                31.423405
              ],
              [
                34.376673,
                31.423401
              ],
              [
                34.37666,
                31.423394
              ],
              [
                34.37665,
                31.423387
              ],
              [
                34.376457,
                31.423219
              ],
              [
                34.376397,
                31.42321
              ],
              [
                34.376367,
                31.423209
              ],
              [
                34.376337,
                31.423208
              ],
              [
                34.376249,
                31.423251
              ],
              [
                34.376209,
                31.423281
              ],
              [
                34.376175,
                31.423305
              ],
              [
                34.376126,
                31.423341
              ],
              [
                34.37626,
                31.423451
              ],
              [
                34.376392,
                31.42356
              ],
              [
                34.376399,
                31.423567
              ],
              [
                34.376404,
                31.423572
              ],
              [
                34.376407,
                31.423576
              ],
              [
                34.376412,
                31.423587
              ],
              [
                34.376415,
                31.423598
              ],
              [
                34.376415,
                31.42361
              ],
              [
                34.376414,
                31.423621
              ],
              [
                34.37641,
                31.423633
              ],
              [
                34.376403,
                31.423643
              ],
              [
                34.376395,
                31.423652
              ],
              [
                34.376454,
                31.423612
              ],
              [
                34.376454,
                31.423611
              ]
            ]
          ],
          [
            [
              [
                34.378652,
                31.425493
              ],
              [
                34.378654,
                31.425496
              ],
              [
                34.378883,
                31.425317
              ],
              [
                34.378888,
                31.425314
              ],
              [
                34.378885,
                31.425312
              ],
              [
                34.378945,
                31.425265
              ],
              [
                34.378934,
                31.425273
              ],
              [
                34.378921,
                31.425278
              ],
              [
                34.378907,
                31.425282
              ],
              [
                34.378893,
                31.425284
              ],
              [
                34.378878,
                31.425283
              ],
              [
                34.378864,
                31.425281
              ],
              [
                34.37885,
                31.425277
              ],
              [
                34.378843,
                31.425274
              ],
              [
                34.378832,
                31.425264
              ],
              [
                34.37794,
                31.424466
              ],
              [
                34.376933,
                31.423634
              ],
              [
                34.376916,
                31.423619
              ],
              [
                34.376907,
                31.423611
              ],
              [
                34.376902,
                31.423606
              ],
              [
                34.376899,
                31.423601
              ],
              [
                34.376895,
                31.423591
              ],
              [
                34.376892,
                31.423579
              ],
              [
                34.376891,
                31.423568
              ],
              [
                34.376893,
                31.423556
              ],
              [
                34.376898,
                31.423545
              ],
              [
                34.376904,
                31.423534
              ],
              [
                34.376912,
                31.423525
              ],
              [
                34.376922,
                31.423517
              ],
              [
                34.376854,
                31.423565
              ],
              [
                34.376853,
                31.423565
              ],
              [
                34.376605,
                31.423737
              ],
              [
                34.376543,
                31.42378
              ],
              [
                34.376557,
                31.423774
              ],
              [
                34.37657,
                31.423769
              ],
              [
                34.376584,
                31.423766
              ],
              [
                34.376598,
                31.423764
              ],
              [
                34.376612,
                31.423765
              ],
              [
                34.376626,
                31.423767
              ],
              [
                34.376639,
                31.423771
              ],
              [
                34.376652,
                31.423777
              ],
              [
                34.376662,
                31.423784
              ],
              [
                34.377717,
                31.424657
              ],
              [
                34.378608,
                31.425454
              ],
              [
                34.378613,
                31.425465
              ],
              [
                34.378616,
                31.425477
              ],
              [
                34.378617,
                31.425483
              ],
              [
                34.378618,
                31.425488
              ],
              [
                34.378616,
                31.425498
              ],
              [
                34.378616,
                31.4255
              ],
              [
                34.378615,
                31.425504
              ],
              [
                34.378613,
                31.425512
              ],
              [
                34.378611,
                31.425515
              ],
              [
                34.378604,
                31.425526
              ],
              [
                34.378599,
                31.425533
              ],
              [
                34.378595,
                31.425537
              ],
              [
                34.378632,
                31.425508
              ],
              [
                34.378646,
                31.425498
              ],
              [
                34.378652,
                31.425493
              ]
            ]
          ],
          [
            [
              [
                34.378745,
                31.425665
              ],
              [
                34.378758,
                31.42566
              ],
              [
                34.378771,
                31.425656
              ],
              [
                34.378785,
                31.425654
              ],
              [
                34.378799,
                31.425654
              ],
              [
                34.378813,
                31.425657
              ],
              [
                34.378827,
                31.425661
              ],
              [
                34.378839,
                31.425667
              ],
              [
                34.37885,
                31.425675
              ],
              [
                34.379191,
                31.425966
              ],
              [
                34.379584,
                31.426301
              ],
              [
                34.379808,
                31.426492
              ],
              [
                34.380024,
                31.426675
              ],
              [
                34.380269,
                31.426907
              ],
              [
                34.380516,
                31.42714
              ],
              [
                34.380653,
                31.427272
              ],
              [
                34.380797,
                31.427409
              ],
              [
                34.381158,
                31.427691
              ],
              [
                34.38151,
                31.427966
              ],
              [
                34.381738,
                31.428166
              ],
              [
                34.38197,
                31.428369
              ],
              [
                34.382471,
                31.42879
              ],
              [
                34.382971,
                31.429212
              ],
              [
                34.383525,
                31.429663
              ],
              [
                34.384074,
                31.430114
              ],
              [
                34.384294,
                31.429916
              ],
              [
                34.384141,
                31.429791
              ],
              [
                34.383743,
                31.429467
              ],
              [
                34.38319,
                31.429017
              ],
              [
                34.382692,
                31.428597
              ],
              [
                34.382194,
                31.428177
              ],
              [
                34.381963,
                31.427976
              ],
              [
                34.381729,
                31.427772
              ],
              [
                34.38137,
                31.427491
              ],
              [
                34.381021,
                31.427218
              ],
              [
                34.380888,
                31.427091
              ],
              [
                34.38075,
                31.426959
              ],
              [
                34.380503,
                31.426725
              ],
              [
                34.380252,
                31.426488
              ],
              [
                34.380031,
                31.4263
              ],
              [
                34.379806,
                31.426109
              ],
              [
                34.379414,
                31.425774
              ],
              [
                34.37909,
                31.425499
              ],
              [
                34.37909,
                31.425498
              ],
              [
                34.379082,
                31.42549
              ],
              [
                34.379077,
                31.425484
              ],
              [
                34.379075,
                31.42548
              ],
              [
                34.379069,
                31.425469
              ],
              [
                34.379066,
                31.425457
              ],
              [
                34.379066,
                31.425446
              ],
              [
                34.379067,
                31.425434
              ],
              [
                34.379071,
                31.425423
              ],
              [
                34.379077,
                31.425412
              ],
              [
                34.379084,
                31.425402
              ],
              [
                34.379027,
                31.425445
              ],
              [
                34.378793,
                31.425627
              ],
              [
                34.378745,
                31.425665
              ]
            ]
          ],
          [
            [
              [
                34.384565,
                31.43017
              ],
              [
                34.384439,
                31.430052
              ],
              [
                34.384437,
                31.430049
              ],
              [
                34.384226,
                31.430239
              ],
              [
                34.384371,
                31.43038
              ],
              [
                34.384653,
                31.430654
              ],
              [
                34.385093,
                31.431079
              ],
              [
                34.386245,
                31.432033
              ],
              [
                34.387387,
                31.432978
              ],
              [
                34.387441,
                31.432931
              ],
              [
                34.387622,
                31.432796
              ],
              [
                34.386464,
                31.431838
              ],
              [
                34.385524,
                31.43106
              ],
              [
                34.385355,
                31.43092
              ],
              [
                34.385321,
                31.430892
              ],
              [
                34.385268,
                31.430841
              ],
              [
                34.385133,
                31.43071
              ],
              [
                34.38489,
                31.430475
              ],
              [
                34.384565,
                31.43017
              ]
            ]
          ]
        ]
      }
    },
    {
      "type": "Feature",
      "properties": {
        "Name": " شارع طارق بن زياد",
        "Shape_Length": 255.1299016654113,
        "Shape_Area": 1547.2350198775696,
        "اسم_الشارع": " شارع طارق بن زياد",
        "المساحة_م2": 1547.24,
        "المحيط_م": 255.13,
        "نوع_العنصر": "شارع"
      },
      "geometry": {
        "type": "MultiPolygon",
        "coordinates": [
          [
            [
              [
                34.381727,
                31.422158
              ],
              [
                34.381739,
                31.422152
              ],
              [
                34.381753,
                31.422147
              ],
              [
                34.381767,
                31.422145
              ],
              [
                34.381782,
                31.422145
              ],
              [
                34.381796,
                31.422147
              ],
              [
                34.38181,
                31.422151
              ],
              [
                34.381822,
                31.422156
              ],
              [
                34.381834,
                31.422164
              ],
              [
                34.381843,
                31.422173
              ],
              [
                34.381877,
                31.422212
              ],
              [
                34.381952,
                31.422297
              ],
              [
                34.382227,
                31.422613
              ],
              [
                34.382235,
                31.422623
              ],
              [
                34.38224,
                31.422633
              ],
              [
                34.382243,
                31.422645
              ],
              [
                34.382244,
                31.422656
              ],
              [
                34.382243,
                31.422668
              ],
              [
                34.38224,
                31.422679
              ],
              [
                34.382234,
                31.42269
              ],
              [
                34.382227,
                31.4227
              ],
              [
                34.382218,
                31.422708
              ],
              [
                34.382272,
                31.422664
              ],
              [
                34.38236,
                31.422593
              ],
              [
                34.382428,
                31.422541
              ],
              [
                34.382496,
                31.422489
              ],
              [
                34.382485,
                31.422496
              ],
              [
                34.382473,
                31.422502
              ],
              [
                34.382459,
                31.422505
              ],
              [
                34.382446,
                31.422507
              ],
              [
                34.382432,
                31.422507
              ],
              [
                34.382418,
                31.422505
              ],
              [
                34.382405,
                31.422501
              ],
              [
                34.382393,
                31.422495
              ],
              [
                34.382382,
                31.422487
              ],
              [
                34.382373,
                31.422478
              ],
              [
                34.38212,
                31.422189
              ],
              [
                34.382045,
                31.422103
              ],
              [
                34.382017,
                31.422071
              ],
              [
                34.382011,
                31.422061
              ],
              [
                34.382006,
                31.422051
              ],
              [
                34.382003,
                31.42204
              ],
              [
                34.382003,
                31.422028
              ],
              [
                34.382004,
                31.422017
              ],
              [
                34.382008,
                31.422006
              ],
              [
                34.382014,
                31.421995
              ],
              [
                34.382021,
                31.421986
              ],
              [
                34.38203,
                31.421978
              ],
              [
                34.382041,
                31.421971
              ],
              [
                34.382016,
                31.421985
              ],
              [
                34.381966,
                31.422013
              ],
              [
                34.381941,
                31.422027
              ],
              [
                34.381794,
                31.422117
              ],
              [
                34.381727,
                31.422158
              ]
            ]
          ]
        ]
      }
    },
    {
      "type": "Feature",
      "properties": {
        "Name": "شارع عبد القادر الحسيني",
        "Shape_Length": 956.1265333084457,
        "Shape_Area": 4581.320795397324,
        "اسم_الشارع": "شارع عبد القادر الحسيني",
        "المساحة_م2": 4581.32,
        "المحيط_م": 956.13,
        "نوع_العنصر": "شارع"
      },
      "geometry": {
        "type": "MultiPolygon",
        "coordinates": [
          [
            [
              [
                34.387167,
                31.420534
              ],
              [
                34.387171,
                31.420524
              ],
              [
                34.387178,
                31.420514
              ],
              [
                34.387187,
                31.420505
              ],
              [
                34.387197,
                31.420497
              ],
              [
                34.387208,
                31.420491
              ],
              [
                34.38722,
                31.420487
              ],
              [
                34.387233,
                31.420484
              ],
              [
                34.387149,
                31.420496
              ],
              [
                34.387045,
                31.420513
              ],
              [
                34.386961,
                31.420529
              ],
              [
                34.386974,
                31.420527
              ],
              [
                34.386988,
                31.420527
              ],
              [
                34.387001,
                31.42053
              ],
              [
                34.387013,
                31.420533
              ],
              [
                34.387025,
                31.420539
              ],
              [
                34.387036,
                31.420546
              ],
              [
                34.387045,
                31.420555
              ],
              [
                34.387052,
                31.420564
              ],
              [
                34.387058,
                31.420575
              ],
              [
                34.387061,
                31.420586
              ],
              [
                34.387192,
                31.421178
              ],
              [
                34.38733,
                31.421795
              ],
              [
                34.387351,
                31.421906
              ],
              [
                34.387365,
                31.42198
              ],
              [
                34.387404,
                31.422186
              ],
              [
                34.387437,
                31.422354
              ],
              [
                34.387484,
                31.422578
              ],
              [
                34.387521,
                31.422757
              ],
              [
                34.387674,
                31.42349
              ],
              [
                34.387725,
                31.423735
              ],
              [
                34.387726,
                31.423742
              ],
              [
                34.387788,
                31.424005
              ],
              [
                34.387918,
                31.424551
              ],
              [
                34.388021,
                31.424532
              ],
              [
                34.387975,
                31.424339
              ],
              [
                34.387891,
                31.423987
              ],
              [
                34.38783,
                31.423728
              ],
              [
                34.387829,
                31.423722
              ],
              [
                34.387777,
                31.423474
              ],
              [
                34.387625,
                31.422741
              ],
              [
                34.387587,
                31.422562
              ],
              [
                34.387541,
                31.422338
              ],
              [
                34.387508,
                31.422172
              ],
              [
                34.387434,
                31.42178
              ],
              [
                34.387295,
                31.421161
              ],
              [
                34.387165,
                31.420568
              ],
              [
                34.387163,
                31.420557
              ],
              [
                34.387164,
                31.420546
              ],
              [
                34.387167,
                31.420534
              ]
            ]
          ]
        ]
      }
    },
    {
      "type": "Feature",
      "properties": {
        "Name": "شارع عثمان بن عفان",
        "Shape_Length": 381.04664156714796,
        "Shape_Area": 2312.187217284343,
        "اسم_الشارع": "شارع عثمان بن عفان",
        "المساحة_م2": 2312.19,
        "المحيط_م": 381.05,
        "نوع_العنصر": "شارع"
      },
      "geometry": {
        "type": "MultiPolygon",
        "coordinates": [
          [
            [
              [
                34.385114,
                31.42251
              ],
              [
                34.38518,
                31.422468
              ],
              [
                34.385168,
                31.422474
              ],
              [
                34.385154,
                31.422479
              ],
              [
                34.38514,
                31.422481
              ],
              [
                34.385126,
                31.422482
              ],
              [
                34.385112,
                31.42248
              ],
              [
                34.385098,
                31.422476
              ],
              [
                34.385085,
                31.422471
              ],
              [
                34.385074,
                31.422463
              ],
              [
                34.385064,
                31.422454
              ],
              [
                34.384187,
                31.421486
              ],
              [
                34.384179,
                31.421476
              ],
              [
                34.384174,
                31.421465
              ],
              [
                34.38417,
                31.421453
              ],
              [
                34.384169,
                31.421441
              ],
              [
                34.384171,
                31.421429
              ],
              [
                34.384174,
                31.421418
              ],
              [
                34.38418,
                31.421407
              ],
              [
                34.384187,
                31.421397
              ],
              [
                34.384197,
                31.421388
              ],
              [
                34.384139,
                31.421433
              ],
              [
                34.384022,
                31.421524
              ],
              [
                34.383955,
                31.421576
              ],
              [
                34.383966,
                31.421569
              ],
              [
                34.383978,
                31.421563
              ],
              [
                34.383991,
                31.42156
              ],
              [
                34.384005,
                31.421558
              ],
              [
                34.384018,
                31.421558
              ],
              [
                34.384032,
                31.42156
              ],
              [
                34.384045,
                31.421564
              ],
              [
                34.384057,
                31.421569
              ],
              [
                34.384068,
                31.421577
              ],
              [
                34.384077,
                31.421585
              ],
              [
                34.384934,
                31.422531
              ],
              [
                34.384941,
                31.422541
              ],
              [
                34.384947,
                31.422551
              ],
              [
                34.38495,
                31.422563
              ],
              [
                34.384952,
                31.422574
              ],
              [
                34.384951,
                31.422585
              ],
              [
                34.384948,
                31.422597
              ],
              [
                34.384943,
                31.422607
              ],
              [
                34.384936,
                31.422617
              ],
              [
                34.384928,
                31.422626
              ],
              [
                34.384917,
                31.422634
              ],
              [
                34.384987,
                31.42259
              ],
              [
                34.385114,
                31.42251
              ]
            ]
          ]
        ]
      }
    },
    {
      "type": "Feature",
      "properties": {
        "Name": "شارع عز الدين القسام",
        "Shape_Length": 906.7418134188946,
        "Shape_Area": 6415.532798711375,
        "اسم_الشارع": "شارع عز الدين القسام",
        "المساحة_م2": 6415.53,
        "المحيط_م": 906.74,
        "نوع_العنصر": "شارع"
      },
      "geometry": {
        "type": "MultiPolygon",
        "coordinates": [
          [
            [
              [
                34.387248,
                31.421785
              ],
              [
                34.386053,
                31.421988
              ],
              [
                34.385944,
                31.422027
              ],
              [
                34.385837,
                31.422071
              ],
              [
                34.385734,
                31.422122
              ],
              [
                34.385635,
                31.422178
              ],
              [
                34.385541,
                31.42224
              ],
              [
                34.38518,
                31.422468
              ],
              [
                34.385114,
                31.42251
              ],
              [
                34.384987,
                31.42259
              ],
              [
                34.384917,
                31.422634
              ],
              [
                34.383905,
                31.423273
              ],
              [
                34.383836,
                31.423316
              ],
              [
                34.383768,
                31.423359
              ],
              [
                34.383702,
                31.423401
              ],
              [
                34.383427,
                31.423574
              ],
              [
                34.383521,
                31.423683
              ],
              [
                34.383778,
                31.42352
              ],
              [
                34.383846,
                31.423478
              ],
              [
                34.383947,
                31.423414
              ],
              [
                34.384015,
                31.423371
              ],
              [
                34.385638,
                31.422347
              ],
              [
                34.385722,
                31.422291
              ],
              [
                34.385811,
                31.42224
              ],
              [
                34.385903,
                31.422194
              ],
              [
                34.385998,
                31.422154
              ],
              [
                34.386097,
                31.422119
              ],
              [
                34.387266,
                31.42192
              ],
              [
                34.387279,
                31.421919
              ],
              [
                34.387292,
                31.42192
              ],
              [
                34.387306,
                31.421922
              ],
              [
                34.387318,
                31.421926
              ],
              [
                34.38733,
                31.421932
              ],
              [
                34.38734,
                31.421939
              ],
              [
                34.387349,
                31.421948
              ],
              [
                34.387356,
                31.421958
              ],
              [
                34.387362,
                31.421968
              ],
              [
                34.387365,
                31.42198
              ],
              [
                34.387351,
                31.421906
              ],
              [
                34.38733,
                31.421795
              ],
              [
                34.387325,
                31.421772
              ],
              [
                34.387309,
                31.421702
              ],
              [
                34.387311,
                31.421713
              ],
              [
                34.38731,
                31.421725
              ],
              [
                34.387307,
                31.421736
              ],
              [
                34.387302,
                31.421747
              ],
              [
                34.387295,
                31.421757
              ],
              [
                34.387287,
                31.421766
              ],
              [
                34.387276,
                31.421774
              ],
              [
                34.387265,
                31.42178
              ],
              [
                34.387253,
                31.421784
              ],
              [
                34.387248,
                31.421785
              ]
            ]
          ]
        ]
      }
    },
    {
      "type": "Feature",
      "properties": {
        "Name": "شارع عمر بن الخطاب",
        "Shape_Length": 831.6686050808844,
        "Shape_Area": 5869.659030576539,
        "اسم_الشارع": "شارع عمر بن الخطاب",
        "المساحة_م2": 5869.66,
        "المحيط_م": 831.67,
        "نوع_العنصر": "شارع"
      },
      "geometry": {
        "type": "MultiPolygon",
        "coordinates": [
          [
            [
              [
                34.392011,
                31.424233
              ],
              [
                34.391762,
                31.423115
              ],
              [
                34.391481,
                31.422075
              ],
              [
                34.391201,
                31.420981
              ],
              [
                34.391199,
                31.42097
              ],
              [
                34.3912,
                31.420958
              ],
              [
                34.391202,
                31.420947
              ],
              [
                34.391207,
                31.420936
              ],
              [
                34.391213,
                31.420926
              ],
              [
                34.391222,
                31.420917
              ],
              [
                34.391232,
                31.420909
              ],
              [
                34.391243,
                31.420902
              ],
              [
                34.391256,
                31.420898
              ],
              [
                34.391269,
                31.420895
              ],
              [
                34.391282,
                31.420894
              ],
              [
                34.391296,
                31.420894
              ],
              [
                34.39122,
                31.420882
              ],
              [
                34.391174,
                31.420876
              ],
              [
                34.39105,
                31.420859
              ],
              [
                34.391006,
                31.420851
              ],
              [
                34.390953,
                31.420841
              ],
              [
                34.390966,
                31.420844
              ],
              [
                34.390979,
                31.42085
              ],
              [
                34.39099,
                31.420856
              ],
              [
                34.391,
                31.420865
              ],
              [
                34.391008,
                31.420874
              ],
              [
                34.391014,
                31.420885
              ],
              [
                34.391018,
                31.420896
              ],
              [
                34.391327,
                31.422105
              ],
              [
                34.391608,
                31.423142
              ],
              [
                34.391866,
                31.424321
              ],
              [
                34.392011,
                31.424233
              ]
            ]
          ]
        ]
      }
    },
    {
      "type": "Feature",
      "properties": {
        "Name": "شارع وادي ابو رشيد",
        "Shape_Length": 3693.0784698760376,
        "Shape_Area": 35984.82461046576,
        "اسم_الشارع": "شارع وادي ابو رشيد",
        "المساحة_م2": 35984.82,
        "المحيط_م": 3693.08,
        "نوع_العنصر": "شارع"
      },
      "geometry": {
        "type": "MultiPolygon",
        "coordinates": [
          [
            [
              [
                34.375811,
                31.424289
              ],
              [
                34.376879,
                31.423547
              ],
              [
                34.37688,
                31.423546
              ],
              [
                34.376912,
                31.423524
              ],
              [
                34.376962,
                31.423489
              ],
              [
                34.377041,
                31.423434
              ],
              [
                34.377761,
                31.422921
              ],
              [
                34.377767,
                31.422918
              ],
              [
                34.377832,
                31.422878
              ],
              [
                34.377935,
                31.422815
              ],
              [
                34.377999,
                31.422777
              ],
              [
                34.378742,
                31.422326
              ],
              [
                34.378889,
                31.422221
              ],
              [
                34.378938,
                31.422181
              ],
              [
                34.378982,
                31.422137
              ],
              [
                34.37902,
                31.42209
              ],
              [
                34.379052,
                31.422039
              ],
              [
                34.379078,
                31.421986
              ],
              [
                34.379097,
                31.42193
              ],
              [
                34.379109,
                31.421874
              ],
              [
                34.379114,
                31.421816
              ],
              [
                34.379111,
                31.421758
              ],
              [
                34.379102,
                31.421701
              ],
              [
                34.379085,
                31.421645
              ],
              [
                34.378943,
                31.421256
              ],
              [
                34.37895,
                31.421085
              ],
              [
                34.379127,
                31.420779
              ],
              [
                34.379365,
                31.420575
              ],
              [
                34.379772,
                31.420382
              ],
              [
                34.380329,
                31.420157
              ],
              [
                34.380607,
                31.41999
              ],
              [
                34.380672,
                31.41995
              ],
              [
                34.380733,
                31.419906
              ],
              [
                34.38079,
                31.419858
              ],
              [
                34.380842,
                31.419806
              ],
              [
                34.38089,
                31.419751
              ],
              [
                34.380932,
                31.419693
              ],
              [
                34.380969,
                31.419632
              ],
              [
                34.381268,
                31.419245
              ],
              [
                34.381359,
                31.419127
              ],
              [
                34.381373,
                31.419108
              ],
              [
                34.381486,
                31.418944
              ],
              [
                34.381486,
                31.418944
              ],
              [
                34.381487,
                31.418943
              ],
              [
                34.381503,
                31.418923
              ],
              [
                34.381501,
                31.418926
              ],
              [
                34.381513,
                31.418911
              ],
              [
                34.381545,
                31.418882
              ],
              [
                34.381583,
                31.418857
              ],
              [
                34.381682,
                31.4188
              ],
              [
                34.381722,
                31.418781
              ],
              [
                34.381764,
                31.418767
              ],
              [
                34.381944,
                31.41872
              ],
              [
                34.381985,
                31.418711
              ],
              [
                34.382028,
                31.418708
              ],
              [
                34.382846,
                31.418689
              ],
              [
                34.382884,
                31.418686
              ],
              [
                34.382922,
                31.418679
              ],
              [
                34.382959,
                31.418668
              ],
              [
                34.382994,
                31.418653
              ],
              [
                34.38318,
                31.418562
              ],
              [
                34.383305,
                31.41847
              ],
              [
                34.38333,
                31.41846
              ],
              [
                34.383373,
                31.418446
              ],
              [
                34.383417,
                31.418438
              ],
              [
                34.383462,
                31.418435
              ],
              [
                34.383507,
                31.418438
              ],
              [
                34.383581,
                31.418447
              ],
              [
                34.383704,
                31.418477
              ],
              [
                34.383748,
                31.418487
              ],
              [
                34.383893,
                31.418523
              ],
              [
                34.383894,
                31.418523
              ],
              [
                34.383937,
                31.41853
              ],
              [
                34.38395,
                31.418532
              ],
              [
                34.383981,
                31.418533
              ],
              [
                34.383995,
                31.418533
              ],
              [
                34.384036,
                31.418529
              ],
              [
                34.384082,
                31.418519
              ],
              [
                34.384272,
                31.418463
              ],
              [
                34.384614,
                31.418285
              ],
              [
                34.384711,
                31.418236
              ],
              [
                34.384907,
                31.418184
              ],
              [
                34.385466,
                31.41808
              ],
              [
                34.385805,
                31.417972
              ],
              [
                34.385972,
                31.41776
              ],
              [
                34.386022,
                31.417659
              ],
              [
                34.386112,
                31.417566
              ],
              [
                34.386135,
                31.417545
              ],
              [
                34.386213,
                31.417533
              ],
              [
                34.386407,
                31.417509
              ],
              [
                34.386441,
                31.417502
              ],
              [
                34.386473,
                31.41749
              ],
              [
                34.386503,
                31.417474
              ],
              [
                34.386529,
                31.417454
              ],
              [
                34.386551,
                31.41743
              ],
              [
                34.386568,
                31.417404
              ],
              [
                34.38658,
                31.417376
              ],
              [
                34.386586,
                31.417346
              ],
              [
                34.386597,
                31.417239
              ],
              [
                34.386518,
                31.41718
              ],
              [
                34.386477,
                31.417107
              ],
              [
                34.386474,
                31.4171
              ],
              [
                34.386472,
                31.417093
              ],
              [
                34.386472,
                31.417086
              ],
              [
                34.386473,
                31.417079
              ],
              [
                34.386475,
                31.417073
              ],
              [
                34.386478,
                31.417066
              ],
              [
                34.386482,
                31.41706
              ],
              [
                34.386488,
                31.417055
              ],
              [
                34.386494,
                31.41705
              ],
              [
                34.386578,
                31.416999
              ],
              [
                34.38669,
                31.416978
              ],
              [
                34.386745,
                31.416948
              ],
              [
                34.386846,
                31.416894
              ],
              [
                34.386895,
                31.416878
              ],
              [
                34.386911,
                31.416874
              ],
              [
                34.386927,
                31.416872
              ],
              [
                34.386943,
                31.416873
              ],
              [
                34.386959,
                31.416875
              ],
              [
                34.38731,
                31.416954
              ],
              [
                34.387606,
                31.416929
              ],
              [
                34.387857,
                31.416862
              ],
              [
                34.388122,
                31.416884
              ],
              [
                34.388413,
                31.41695
              ],
              [
                34.388463,
                31.416958
              ],
              [
                34.388513,
                31.416959
              ],
              [
                34.388564,
                31.416953
              ],
              [
                34.388612,
                31.41694
              ],
              [
                34.388657,
                31.416921
              ],
              [
                34.388698,
                31.416895
              ],
              [
                34.388756,
                31.416853
              ],
              [
                34.388784,
                31.41683
              ],
              [
                34.388809,
                31.416804
              ],
              [
                34.38883,
                31.416776
              ],
              [
                34.388918,
                31.416636
              ],
              [
                34.388984,
                31.416549
              ],
              [
                34.38929,
                31.416259
              ],
              [
                34.389434,
                31.416124
              ],
              [
                34.389304,
                31.415978
              ],
              [
                34.388817,
                31.416438
              ],
              [
                34.388737,
                31.416543
              ],
              [
                34.388645,
                31.41669
              ],
              [
                34.388638,
                31.416699
              ],
              [
                34.388629,
                31.416708
              ],
              [
                34.38862,
                31.416716
              ],
              [
                34.388562,
                31.416758
              ],
              [
                34.388549,
                31.416766
              ],
              [
                34.388534,
                31.416772
              ],
              [
                34.388518,
                31.416777
              ],
              [
                34.388501,
                31.416779
              ],
              [
                34.388484,
                31.416778
              ],
              [
                34.388467,
                31.416776
              ],
              [
                34.38816,
                31.416705
              ],
              [
                34.387834,
                31.416679
              ],
              [
                34.387564,
                31.416752
              ],
              [
                34.387327,
                31.416772
              ],
              [
                34.387013,
                31.416701
              ],
              [
                34.386965,
                31.416693
              ],
              [
                34.386916,
                31.416692
              ],
              [
                34.386867,
                31.416698
              ],
              [
                34.38682,
                31.41671
              ],
              [
                34.386752,
                31.416732
              ],
              [
                34.386634,
                31.416795
              ],
              [
                34.386609,
                31.416808
              ],
              [
                34.38649,
                31.416831
              ],
              [
                34.386372,
                31.416904
              ],
              [
                34.38634,
                31.416926
              ],
              [
                34.386313,
                31.416953
              ],
              [
                34.386292,
                31.416982
              ],
              [
                34.386275,
                31.417014
              ],
              [
                34.386265,
                31.417049
              ],
              [
                34.386262,
                31.417083
              ],
              [
                34.386264,
                31.417119
              ],
              [
                34.386273,
                31.417153
              ],
              [
                34.386288,
                31.417185
              ],
              [
                34.386348,
                31.417291
              ],
              [
                34.386378,
                31.417314
              ],
              [
                34.386376,
                31.41733
              ],
              [
                34.386178,
                31.417355
              ],
              [
                34.38603,
                31.417379
              ],
              [
                34.385955,
                31.417446
              ],
              [
                34.38584,
                31.417564
              ],
              [
                34.385786,
                31.417674
              ],
              [
                34.385669,
                31.417823
              ],
              [
                34.385407,
                31.417906
              ],
              [
                34.384853,
                31.418009
              ],
              [
                34.384625,
                31.41807
              ],
              [
                34.384506,
                31.41813
              ],
              [
                34.384182,
                31.418299
              ],
              [
                34.384014,
                31.418348
              ],
              [
                34.383999,
                31.418351
              ],
              [
                34.383983,
                31.418353
              ],
              [
                34.383967,
                31.418352
              ],
              [
                34.383951,
                31.418349
              ],
              [
                34.383625,
                31.41827
              ],
              [
                34.383537,
                31.418259
              ],
              [
                34.383477,
                31.418255
              ],
              [
                34.383417,
                31.418256
              ],
              [
                34.383357,
                31.418264
              ],
              [
                34.383299,
                31.418277
              ],
              [
                34.383243,
                31.418296
              ],
              [
                34.38319,
                31.418317
              ],
              [
                34.383058,
                31.418414
              ],
              [
                34.382889,
                31.418497
              ],
              [
                34.382874,
                31.418503
              ],
              [
                34.382857,
                31.418507
              ],
              [
                34.38284,
                31.418508
              ],
              [
                34.382022,
                31.418528
              ],
              [
                34.381975,
                31.418531
              ],
              [
                34.381928,
                31.418537
              ],
              [
                34.381882,
                31.418547
              ],
              [
                34.381703,
                31.418595
              ],
              [
                34.381655,
                31.418609
              ],
              [
                34.381609,
                31.418628
              ],
              [
                34.381566,
                31.41865
              ],
              [
                34.381466,
                31.418707
              ],
              [
                34.381419,
                31.418737
              ],
              [
                34.381376,
                31.418772
              ],
              [
                34.381338,
                31.41881
              ],
              [
                34.381305,
                31.418852
              ],
              [
                34.381181,
                31.419031
              ],
              [
                34.380784,
                31.419544
              ],
              [
                34.38075,
                31.419603
              ],
              [
                34.380709,
                31.419659
              ],
              [
                34.380662,
                31.419711
              ],
              [
                34.380609,
                31.419759
              ],
              [
                34.380551,
                31.419802
              ],
              [
                34.380489,
                31.419841
              ],
              [
                34.380223,
                31.420001
              ],
              [
                34.379676,
                31.420222
              ],
              [
                34.379237,
                31.42043
              ],
              [
                34.378954,
                31.420672
              ],
              [
                34.378741,
                31.42104
              ],
              [
                34.378732,
                31.42128
              ],
              [
                34.378884,
                31.421699
              ],
              [
                34.378897,
                31.421745
              ],
              [
                34.378903,
                31.421792
              ],
              [
                34.378902,
                31.421839
              ],
              [
                34.378893,
                31.421885
              ],
              [
                34.378878,
                31.42193
              ],
              [
                34.378856,
                31.421973
              ],
              [
                34.378827,
                31.422013
              ],
              [
                34.378793,
                31.42205
              ],
              [
                34.378754,
                31.422083
              ],
              [
                34.378614,
                31.422183
              ],
              [
                34.377781,
                31.422688
              ],
              [
                34.376842,
                31.423341
              ],
              [
                34.376798,
                31.423372
              ],
              [
                34.376776,
                31.423387
              ],
              [
                34.376765,
                31.423395
              ],
              [
                34.376763,
                31.423396
              ],
              [
                34.376762,
                31.423397
              ],
              [
                34.376761,
                31.423397
              ],
              [
                34.376761,
                31.423397
              ],
              [
                34.37676,
                31.423398
              ],
              [
                34.376379,
                31.423663
              ],
              [
                34.375679,
                31.424149
              ],
              [
                34.375653,
                31.424164
              ],
              [
                34.375622,
                31.424176
              ],
              [
                34.37559,
                31.424184
              ],
              [
                34.375557,
                31.424188
              ],
              [
                34.375523,
                31.424186
              ],
              [
                34.37549,
                31.424181
              ],
              [
                34.375459,
                31.424171
              ],
              [
                34.37543,
                31.424156
              ],
              [
                34.375403,
                31.424138
              ],
              [
                34.375381,
                31.424117
              ],
              [
                34.375509,
                31.424261
              ],
              [
                34.375512,
                31.424264
              ],
              [
                34.375512,
                31.424264
              ],
              [
                34.375651,
                31.4244
              ],
              [
                34.375651,
                31.4244
              ],
              [
                34.375776,
                31.42454
              ],
              [
                34.375757,
                31.424514
              ],
              [
                34.375743,
                31.424485
              ],
              [
                34.375735,
                31.424455
              ],
              [
                34.375733,
                31.424424
              ],
              [
                34.375737,
                31.424393
              ],
              [
                34.375748,
                31.424364
              ],
              [
                34.375764,
                31.424336
              ],
              [
                34.375785,
                31.424311
              ],
              [
                34.375811,
                31.424289
              ]
            ]
          ]
        ]
      }
    },
    {
      "type": "Feature",
      "properties": {
        "Name": "شارع ابو رويضة",
        "Shape_Length": 164.62196512905075,
        "Shape_Area": 842.2938925551703,
        "اسم_الشارع": "شارع ابو رويضة",
        "المساحة_م2": 842.29,
        "المحيط_م": 164.62,
        "نوع_العنصر": "شارع"
      },
      "geometry": {
        "type": "MultiPolygon",
        "coordinates": [
          [
            [
              [
                34.392256,
                31.42484
              ],
              [
                34.39262,
                31.425392
              ],
              [
                34.392724,
                31.425331
              ],
              [
                34.39236,
                31.424779
              ],
              [
                34.392256,
                31.42484
              ]
            ]
          ]
        ]
      }
    },
    {
      "type": "Feature",
      "properties": {
        "Name": "شارع خالد بن الوليد",
        "Shape_Length": 488.11274832019643,
        "Shape_Area": 2668.4183598815193,
        "اسم_الشارع": "شارع خالد بن الوليد",
        "المساحة_م2": 2668.42,
        "المحيط_م": 488.11,
        "نوع_العنصر": "شارع"
      },
      "geometry": {
        "type": "MultiPolygon",
        "coordinates": [
          [
            [
              [
                34.382558,
                31.421532
              ],
              [
                34.382628,
                31.421653
              ],
              [
                34.382662,
                31.421631
              ],
              [
                34.382719,
                31.421593
              ],
              [
                34.382783,
                31.421551
              ],
              [
                34.382866,
                31.421494
              ],
              [
                34.382947,
                31.421438
              ],
              [
                34.38309,
                31.421344
              ],
              [
                34.383231,
                31.421251
              ],
              [
                34.383361,
                31.42118
              ],
              [
                34.383493,
                31.421109
              ],
              [
                34.38367,
                31.42102
              ],
              [
                34.383894,
                31.420928
              ],
              [
                34.384119,
                31.420836
              ],
              [
                34.384248,
                31.42079
              ],
              [
                34.384379,
                31.420744
              ],
              [
                34.384514,
                31.420696
              ],
              [
                34.384523,
                31.420693
              ],
              [
                34.384536,
                31.420689
              ],
              [
                34.38455,
                31.420687
              ],
              [
                34.384564,
                31.420688
              ],
              [
                34.384578,
                31.42069
              ],
              [
                34.384592,
                31.420694
              ],
              [
                34.384604,
                31.420701
              ],
              [
                34.384615,
                31.420708
              ],
              [
                34.384624,
                31.420718
              ],
              [
                34.384631,
                31.420728
              ],
              [
                34.384596,
                31.420666
              ],
              [
                34.384542,
                31.420569
              ],
              [
                34.384504,
                31.4205
              ],
              [
                34.384509,
                31.420511
              ],
              [
                34.384511,
                31.420522
              ],
              [
                34.384512,
                31.420534
              ],
              [
                34.38451,
                31.420546
              ],
              [
                34.384506,
                31.420557
              ],
              [
                34.384501,
                31.420568
              ],
              [
                34.384493,
                31.420577
              ],
              [
                34.384483,
                31.420586
              ],
              [
                34.384472,
                31.420592
              ],
              [
                34.38446,
                31.420598
              ],
              [
                34.384331,
                31.420644
              ],
              [
                34.3842,
                31.420691
              ],
              [
                34.384068,
                31.420738
              ],
              [
                34.38384,
                31.420831
              ],
              [
                34.383611,
                31.420924
              ],
              [
                34.383427,
                31.421016
              ],
              [
                34.383294,
                31.421089
              ],
              [
                34.383159,
                31.421163
              ],
              [
                34.383013,
                31.421258
              ],
              [
                34.382869,
                31.421353
              ],
              [
                34.382787,
                31.421409
              ],
              [
                34.382708,
                31.421464
              ],
              [
                34.382691,
                31.421472
              ],
              [
                34.382614,
                31.421507
              ],
              [
                34.382558,
                31.421532
              ]
            ]
          ]
        ]
      }
    },
    {
      "type": "Feature",
      "properties": {
        "Name": " شارع طارق بن زياد",
        "Shape_Length": 139.1724275033669,
        "Shape_Area": 572.060886107272,
        "اسم_الشارع": " شارع طارق بن زياد",
        "المساحة_م2": 572.06,
        "المحيط_م": 139.17,
        "نوع_العنصر": "شارع"
      },
      "geometry": {
        "type": "MultiPolygon",
        "coordinates": [
          [
            [
              [
                34.381907,
                31.421884
              ],
              [
                34.381894,
                31.42189
              ],
              [
                34.38188,
                31.421894
              ],
              [
                34.381866,
                31.421896
              ],
              [
                34.381852,
                31.421896
              ],
              [
                34.381838,
                31.421893
              ],
              [
                34.381824,
                31.421889
              ],
              [
                34.381812,
                31.421883
              ],
              [
                34.381801,
                31.421875
              ],
              [
                34.381791,
                31.421865
              ],
              [
                34.381732,
                31.421792
              ],
              [
                34.381562,
                31.421591
              ],
              [
                34.38146,
                31.421655
              ],
              [
                34.381629,
                31.421855
              ],
              [
                34.381688,
                31.421928
              ],
              [
                34.381696,
                31.421938
              ],
              [
                34.381701,
                31.42195
              ],
              [
                34.381703,
                31.421962
              ],
              [
                34.381703,
                31.421975
              ],
              [
                34.381701,
                31.421987
              ],
              [
                34.381696,
                31.421999
              ],
              [
                34.381689,
                31.42201
              ],
              [
                34.381679,
                31.422019
              ],
              [
                34.381668,
                31.422028
              ],
              [
                34.381907,
                31.421884
              ]
            ]
          ]
        ]
      }
    },
    {
      "type": "Feature",
      "properties": {
        "Name": "شارع  الشهيد بهاء الدين سعيد",
        "Shape_Length": 1448.3550733546929,
        "Shape_Area": 13712.708876067541,
        "اسم_الشارع": "شارع  الشهيد بهاء الدين سعيد",
        "المساحة_م2": 13712.71,
        "المحيط_م": 1448.36,
        "نوع_العنصر": "شارع"
      },
      "geometry": {
        "type": "MultiPolygon",
        "coordinates": [
          [
            [
              [
                34.383085,
                31.422255
              ],
              [
                34.382962,
                31.422132
              ],
              [
                34.38293,
                31.422156
              ],
              [
                34.382875,
                31.422199
              ],
              [
                34.382495,
                31.422489
              ],
              [
                34.382426,
                31.422541
              ],
              [
                34.382359,
                31.422593
              ],
              [
                34.382271,
                31.422664
              ],
              [
                34.382217,
                31.422708
              ],
              [
                34.381366,
                31.423398
              ],
              [
                34.380935,
                31.423734
              ],
              [
                34.380503,
                31.42407
              ],
              [
                34.379708,
                31.42468
              ],
              [
                34.379547,
                31.424803
              ],
              [
                34.379477,
                31.424857
              ],
              [
                34.379382,
                31.42493
              ],
              [
                34.379326,
                31.424973
              ],
              [
                34.378945,
                31.425265
              ],
              [
                34.378882,
                31.425314
              ],
              [
                34.378877,
                31.425317
              ],
              [
                34.378648,
                31.425496
              ],
              [
                34.378586,
                31.425544
              ],
              [
                34.378105,
                31.425917
              ],
              [
                34.377701,
                31.426212
              ],
              [
                34.377683,
                31.426222
              ],
              [
                34.377663,
                31.426231
              ],
              [
                34.377642,
                31.426236
              ],
              [
                34.377621,
                31.426237
              ],
              [
                34.377599,
                31.426236
              ],
              [
                34.377578,
                31.426231
              ],
              [
                34.377558,
                31.426223
              ],
              [
                34.377539,
                31.426213
              ],
              [
                34.377524,
                31.4262
              ],
              [
                34.377606,
                31.426281
              ],
              [
                34.377626,
                31.426301
              ],
              [
                34.377747,
                31.426414
              ],
              [
                34.377836,
                31.426497
              ],
              [
                34.377824,
                31.426484
              ],
              [
                34.377814,
                31.426468
              ],
              [
                34.377807,
                31.426452
              ],
              [
                34.377804,
                31.426435
              ],
              [
                34.377803,
                31.426417
              ],
              [
                34.377806,
                31.4264
              ],
              [
                34.377812,
                31.426384
              ],
              [
                34.377821,
                31.426368
              ],
              [
                34.377833,
                31.426354
              ],
              [
                34.377848,
                31.426342
              ],
              [
                34.378243,
                31.426053
              ],
              [
                34.378733,
                31.425673
              ],
              [
                34.378792,
                31.425627
              ],
              [
                34.379026,
                31.425445
              ],
              [
                34.379093,
                31.425394
              ],
              [
                34.379848,
                31.424815
              ],
              [
                34.380331,
                31.424444
              ],
              [
                34.380402,
                31.424389
              ],
              [
                34.380465,
                31.424341
              ],
              [
                34.38052,
                31.424299
              ],
              [
                34.380621,
                31.424221
              ],
              [
                34.380643,
                31.424204
              ],
              [
                34.380694,
                31.424165
              ],
              [
                34.380758,
                31.424115
              ],
              [
                34.380811,
                31.424074
              ],
              [
                34.381076,
                31.423868
              ],
              [
                34.381509,
                31.423531
              ],
              [
                34.382502,
                31.422725
              ],
              [
                34.382881,
                31.42242
              ],
              [
                34.382951,
                31.422363
              ],
              [
                34.383013,
                31.422313
              ],
              [
                34.383061,
                31.422275
              ],
              [
                34.383085,
                31.422255
              ]
            ]
          ]
        ]
      }
    },
    {
      "type": "Feature",
      "properties": {
        "Name": "شارع  الشهيد بهاء الدين سعيد",
        "Shape_Length": 477.3192071615363,
        "Shape_Area": 3982.563466038233,
        "اسم_الشارع": "شارع  الشهيد بهاء الدين سعيد",
        "المساحة_م2": 3982.56,
        "المحيط_م": 477.32,
        "نوع_العنصر": "شارع"
      },
      "geometry": {
        "type": "MultiPolygon",
        "coordinates": [
          [
            [
              [
                34.384827,
                31.420953
              ],
              [
                34.384756,
                31.420832
              ],
              [
                34.384696,
                31.420849
              ],
              [
                34.384696,
                31.420849
              ],
              [
                34.384644,
                31.420869
              ],
              [
                34.384633,
                31.420874
              ],
              [
                34.384581,
                31.420899
              ],
              [
                34.384529,
                31.420931
              ],
              [
                34.38444,
                31.420986
              ],
              [
                34.384355,
                31.421045
              ],
              [
                34.384274,
                31.421109
              ],
              [
                34.383549,
                31.421671
              ],
              [
                34.383064,
                31.422052
              ],
              [
                34.382993,
                31.422108
              ],
              [
                34.382962,
                31.422132
              ],
              [
                34.383085,
                31.422255
              ],
              [
                34.383676,
                31.421792
              ],
              [
                34.383954,
                31.421576
              ],
              [
                34.384021,
                31.421524
              ],
              [
                34.384138,
                31.421433
              ],
              [
                34.384196,
                31.421388
              ],
              [
                34.384404,
                31.421227
              ],
              [
                34.384477,
                31.421169
              ],
              [
                34.384554,
                31.421115
              ],
              [
                34.384635,
                31.421065
              ],
              [
                34.384733,
                31.421012
              ],
              [
                34.384827,
                31.420953
              ]
            ]
          ]
        ]
      }
    },
    {
      "type": "Feature",
      "properties": {
        "Name": "شارع  الشهيد بهاء الدين سعيد",
        "Shape_Length": 474.6212756261964,
        "Shape_Area": 3245.5320353907264,
        "اسم_الشارع": "شارع  الشهيد بهاء الدين سعيد",
        "المساحة_م2": 3245.53,
        "المحيط_م": 474.62,
        "نوع_العنصر": "شارع"
      },
      "geometry": {
        "type": "MultiPolygon",
        "coordinates": [
          [
            [
              [
                34.387096,
                31.420503
              ],
              [
                34.387074,
                31.420397
              ],
              [
                34.386614,
                31.420466
              ],
              [
                34.386537,
                31.420477
              ],
              [
                34.386382,
                31.420501
              ],
              [
                34.386305,
                31.420512
              ],
              [
                34.386297,
                31.420514
              ],
              [
                34.385539,
                31.420641
              ],
              [
                34.385184,
                31.420716
              ],
              [
                34.38488,
                31.42079
              ],
              [
                34.384829,
                31.420802
              ],
              [
                34.384756,
                31.420832
              ],
              [
                34.384827,
                31.420953
              ],
              [
                34.384883,
                31.42093
              ],
              [
                34.385225,
                31.420847
              ],
              [
                34.385573,
                31.420773
              ],
              [
                34.386335,
                31.420645
              ],
              [
                34.38696,
                31.420529
              ],
              [
                34.387044,
                31.420513
              ],
              [
                34.387096,
                31.420503
              ]
            ]
          ]
        ]
      }
    },
    {
      "type": "Feature",
      "properties": {
        "Name": "شارع  الشهيد بهاء الدين سعيد",
        "Shape_Length": 796.8357789147282,
        "Shape_Area": 4902.767331337632,
        "اسم_الشارع": "شارع  الشهيد بهاء الدين سعيد",
        "المساحة_م2": 4902.77,
        "المحيط_م": 796.84,
        "نوع_العنصر": "شارع"
      },
      "geometry": {
        "type": "MultiPolygon",
        "coordinates": [
          [
            [
              [
                34.391082,
                31.42068
              ],
              [
                34.390259,
                31.420604
              ],
              [
                34.389676,
                31.420523
              ],
              [
                34.388698,
                31.420394
              ],
              [
                34.388302,
                31.420344
              ],
              [
                34.388157,
                31.420331
              ],
              [
                34.388011,
                31.420323
              ],
              [
                34.387864,
                31.420321
              ],
              [
                34.387718,
                31.420324
              ],
              [
                34.387572,
                31.420333
              ],
              [
                34.387426,
                31.420347
              ],
              [
                34.387074,
                31.420397
              ],
              [
                34.387096,
                31.420503
              ],
              [
                34.387148,
                31.420496
              ],
              [
                34.387233,
                31.420484
              ],
              [
                34.387445,
                31.420454
              ],
              [
                34.387584,
                31.42044
              ],
              [
                34.387725,
                31.420432
              ],
              [
                34.387865,
                31.420429
              ],
              [
                34.388005,
                31.420432
              ],
              [
                34.388146,
                31.420439
              ],
              [
                34.388285,
                31.420451
              ],
              [
                34.38868,
                31.420501
              ],
              [
                34.389657,
                31.42063
              ],
              [
                34.390239,
                31.420711
              ],
              [
                34.390952,
                31.420841
              ],
              [
                34.391005,
                31.420851
              ],
              [
                34.391049,
                31.420857
              ],
              [
                34.391082,
                31.42068
              ]
            ]
          ]
        ]
      }
    },
    {
      "type": "Feature",
      "properties": {
        "Name": "شارع  الشهيد بهاء الدين سعيد",
        "Shape_Length": 764.4377201209278,
        "Shape_Area": 7239.1947168812485,
        "اسم_الشارع": "شارع  الشهيد بهاء الدين سعيد",
        "المساحة_م2": 7239.19,
        "المحيط_م": 764.44,
        "نوع_العنصر": "شارع"
      },
      "geometry": {
        "type": "MultiPolygon",
        "coordinates": [
          [
            [
              [
                34.394613,
                31.419699
              ],
              [
                34.394514,
                31.419539
              ],
              [
                34.394159,
                31.419701
              ],
              [
                34.39401,
                31.419768
              ],
              [
                34.393869,
                31.419829
              ],
              [
                34.393728,
                31.41989
              ],
              [
                34.393546,
                31.41996
              ],
              [
                34.393362,
                31.420031
              ],
              [
                34.392937,
                31.420187
              ],
              [
                34.39251,
                31.420343
              ],
              [
                34.392058,
                31.420521
              ],
              [
                34.391974,
                31.420555
              ],
              [
                34.391833,
                31.42061
              ],
              [
                34.391614,
                31.420697
              ],
              [
                34.391607,
                31.420698
              ],
              [
                34.391604,
                31.420699
              ],
              [
                34.391546,
                31.420712
              ],
              [
                34.391549,
                31.420711
              ],
              [
                34.391545,
                31.420712
              ],
              [
                34.391474,
                31.42072
              ],
              [
                34.391402,
                31.420722
              ],
              [
                34.391331,
                31.420717
              ],
              [
                34.391261,
                31.420705
              ],
              [
                34.391082,
                31.42068
              ],
              [
                34.391049,
                31.420857
              ],
              [
                34.391173,
                31.420876
              ],
              [
                34.391219,
                31.420882
              ],
              [
                34.391297,
                31.420895
              ],
              [
                34.391376,
                31.420901
              ],
              [
                34.391456,
                31.420902
              ],
              [
                34.391535,
                31.420896
              ],
              [
                34.391614,
                31.420884
              ],
              [
                34.39169,
                31.420865
              ],
              [
                34.392146,
                31.420685
              ],
              [
                34.392595,
                31.420508
              ],
              [
                34.393019,
                31.420352
              ],
              [
                34.393446,
                31.420196
              ],
              [
                34.393632,
                31.420125
              ],
              [
                34.393818,
                31.420053
              ],
              [
                34.393963,
                31.41999
              ],
              [
                34.394107,
                31.419928
              ],
              [
                34.394257,
                31.41986
              ],
              [
                34.3945,
                31.41975
              ],
              [
                34.394613,
                31.419699
              ]
            ]
          ]
        ]
      }
    },
    {
      "type": "Feature",
      "properties": {
        "Name": "شارع عمر بن الخطاب",
        "Shape_Length": 661.9003343846408,
        "Shape_Area": 4704.804985986278,
        "اسم_الشارع": "شارع عمر بن الخطاب",
        "المساحة_م2": 4704.8,
        "المحيط_م": 661.9,
        "نوع_العنصر": "شارع"
      },
      "geometry": {
        "type": "MultiPolygon",
        "coordinates": [
          [
            [
              [
                34.391604,
                31.424801
              ],
              [
                34.391568,
                31.424669
              ],
              [
                34.391281,
                31.424703
              ],
              [
                34.391018,
                31.424715
              ],
              [
                34.390512,
                31.424736
              ],
              [
                34.390005,
                31.424756
              ],
              [
                34.389358,
                31.424791
              ],
              [
                34.388928,
                31.424802
              ],
              [
                34.388779,
                31.424806
              ],
              [
                34.388357,
                31.424817
              ],
              [
                34.38823,
                31.424956
              ],
              [
                34.388784,
                31.424941
              ],
              [
                34.388933,
                31.424937
              ],
              [
                34.389215,
                31.42493
              ],
              [
                34.3893,
                31.424928
              ],
              [
                34.389366,
                31.424926
              ],
              [
                34.389426,
                31.424923
              ],
              [
                34.389507,
                31.424919
              ],
              [
                34.390014,
                31.424891
              ],
              [
                34.390519,
                31.424871
              ],
              [
                34.391026,
                31.424851
              ],
              [
                34.391296,
                31.424838
              ],
              [
                34.391604,
                31.424801
              ]
            ]
          ]
        ]
      }
    },
    {
      "type": "Feature",
      "properties": {
        "Name": "رقم 33",
        "Shape_Length": 305.28247880378945,
        "Shape_Area": 2433.874442150706,
        "اسم_الشارع": "رقم 33",
        "المساحة_م2": 2433.87,
        "المحيط_م": 305.28,
        "نوع_العنصر": "شارع"
      },
      "geometry": {
        "type": "MultiPolygon",
        "coordinates": [
          [
            [
              [
                34.39018,
                31.416954
              ],
              [
                34.39041,
                31.41721
              ],
              [
                34.390397,
                31.417191
              ],
              [
                34.390394,
                31.41718
              ],
              [
                34.390392,
                31.417168
              ],
              [
                34.390393,
                31.417157
              ],
              [
                34.390396,
                31.417146
              ],
              [
                34.390401,
                31.417135
              ],
              [
                34.390408,
                31.417125
              ],
              [
                34.390417,
                31.417116
              ],
              [
                34.390427,
                31.417109
              ],
              [
                34.39139,
                31.416504
              ],
              [
                34.391351,
                31.41646
              ],
              [
                34.391242,
                31.416391
              ],
              [
                34.391233,
                31.41638
              ],
              [
                34.390295,
                31.416968
              ],
              [
                34.390283,
                31.416974
              ],
              [
                34.390269,
                31.416979
              ],
              [
                34.390255,
                31.416981
              ],
              [
                34.390241,
                31.416982
              ],
              [
                34.390227,
                31.41698
              ],
              [
                34.390213,
                31.416976
              ],
              [
                34.3902,
                31.41697
              ],
              [
                34.390191,
                31.416963
              ],
              [
                34.39018,
                31.416954
              ]
            ]
          ]
        ]
      }
    },
    {
      "type": "Feature",
      "properties": {
        "Name": "شارع الفاروق",
        "Shape_Length": 295.9214910557815,
        "Shape_Area": 1843.1550496288103,
        "اسم_الشارع": "شارع الفاروق",
        "المساحة_م2": 1843.16,
        "المحيط_م": 295.92,
        "نوع_العنصر": "شارع"
      },
      "geometry": {
        "type": "MultiPolygon",
        "coordinates": [
          [
            [
              [
                34.384442,
                31.420112
              ],
              [
                34.384442,
                31.4201
              ],
              [
                34.384444,
                31.420089
              ],
              [
                34.384448,
                31.420078
              ],
              [
                34.384455,
                31.420067
              ],
              [
                34.384463,
                31.420058
              ],
              [
                34.384472,
                31.42005
              ],
              [
                34.384483,
                31.420043
              ],
              [
                34.384495,
                31.420038
              ],
              [
                34.3851,
                31.419834
              ],
              [
                34.385627,
                31.419677
              ],
              [
                34.385576,
                31.419549
              ],
              [
                34.385045,
                31.419707
              ],
              [
                34.384483,
                31.419897
              ],
              [
                34.384469,
                31.419901
              ],
              [
                34.384454,
                31.419902
              ],
              [
                34.38444,
                31.419901
              ],
              [
                34.384425,
                31.419898
              ],
              [
                34.384412,
                31.419893
              ],
              [
                34.3844,
                31.419887
              ],
              [
                34.384389,
                31.419878
              ],
              [
                34.38438,
                31.419868
              ],
              [
                34.384374,
                31.419857
              ],
              [
                34.384369,
                31.419845
              ],
              [
                34.384442,
                31.420112
              ]
            ]
          ]
        ]
      }
    },
    {
      "type": "Feature",
      "properties": {
        "Name": "شارع الفاروق",
        "Shape_Length": 336.36574904854035,
        "Shape_Area": 2250.1398198544275,
        "اسم_الشارع": "شارع الفاروق",
        "المساحة_م2": 2250.14,
        "المحيط_م": 336.37,
        "نوع_العنصر": "شارع"
      },
      "geometry": {
        "type": "MultiPolygon",
        "coordinates": [
          [
            [
              [
                34.385576,
                31.419549
              ],
              [
                34.385627,
                31.419677
              ],
              [
                34.38566,
                31.419669
              ],
              [
                34.385694,
                31.419667
              ],
              [
                34.385728,
                31.419669
              ],
              [
                34.385761,
                31.419676
              ],
              [
                34.385793,
                31.419687
              ],
              [
                34.385822,
                31.419702
              ],
              [
                34.385847,
                31.419721
              ],
              [
                34.385869,
                31.419744
              ],
              [
                34.385886,
                31.419769
              ],
              [
                34.385969,
                31.419917
              ],
              [
                34.386003,
                31.419961
              ],
              [
                34.386042,
                31.420002
              ],
              [
                34.386086,
                31.42004
              ],
              [
                34.386133,
                31.420074
              ],
              [
                34.386171,
                31.420097
              ],
              [
                34.386204,
                31.420124
              ],
              [
                34.386234,
                31.420154
              ],
              [
                34.386259,
                31.420187
              ],
              [
                34.386306,
                31.420287
              ],
              [
                34.386349,
                31.420389
              ],
              [
                34.386366,
                31.420445
              ],
              [
                34.386364,
                31.420457
              ],
              [
                34.38636,
                31.420469
              ],
              [
                34.386354,
                31.42048
              ],
              [
                34.386346,
                31.42049
              ],
              [
                34.386336,
                31.420498
              ],
              [
                34.386324,
                31.420505
              ],
              [
                34.386312,
                31.42051
              ],
              [
                34.386298,
                31.420514
              ],
              [
                34.386306,
                31.420512
              ],
              [
                34.386382,
                31.420501
              ],
              [
                34.386538,
                31.420477
              ],
              [
                34.386615,
                31.420466
              ],
              [
                34.386601,
                31.420467
              ],
              [
                34.386587,
                31.420466
              ],
              [
                34.386574,
                31.420463
              ],
              [
                34.386561,
                31.420459
              ],
              [
                34.386549,
                31.420452
              ],
              [
                34.386539,
                31.420444
              ],
              [
                34.38653,
                31.420435
              ],
              [
                34.386523,
                31.420424
              ],
              [
                34.386519,
                31.420413
              ],
              [
                34.3865,
                31.42035
              ],
              [
                34.386453,
                31.420239
              ],
              [
                34.386401,
                31.420129
              ],
              [
                34.386366,
                31.42008
              ],
              [
                34.386325,
                31.420036
              ],
              [
                34.386277,
                31.419997
              ],
              [
                34.386224,
                31.419963
              ],
              [
                34.38618,
                31.41993
              ],
              [
                34.386141,
                31.419893
              ],
              [
                34.386107,
                31.419853
              ],
              [
                34.386017,
                31.41969
              ],
              [
                34.385981,
                31.419612
              ],
              [
                34.385965,
                31.419584
              ],
              [
                34.385944,
                31.419559
              ],
              [
                34.385919,
                31.419538
              ],
              [
                34.385889,
                31.419521
              ],
              [
                34.385857,
                31.419508
              ],
              [
                34.385822,
                31.4195
              ],
              [
                34.385787,
                31.419497
              ],
              [
                34.385751,
                31.419499
              ],
              [
                34.385716,
                31.419507
              ],
              [
                34.385576,
                31.419549
              ]
            ]
          ]
        ]
      }
    },
    {
      "type": "Feature",
      "properties": {
        "Name": "شارع السلطاني",
        "Shape_Length": 245.1654574431616,
        "Shape_Area": 1364.552687786891,
        "اسم_الشارع": "شارع السلطاني",
        "المساحة_م2": 1364.55,
        "المحيط_م": 245.17,
        "نوع_العنصر": "شارع"
      },
      "geometry": {
        "type": "MultiPolygon",
        "coordinates": [
          [
            [
              [
                34.386643,
                31.426547
              ],
              [
                34.38663,
                31.426554
              ],
              [
                34.386616,
                31.426559
              ],
              [
                34.386603,
                31.426563
              ],
              [
                34.386588,
                31.426565
              ],
              [
                34.386573,
                31.426565
              ],
              [
                34.386559,
                31.426563
              ],
              [
                34.386545,
                31.426558
              ],
              [
                34.386532,
                31.426552
              ],
              [
                34.386521,
                31.426544
              ],
              [
                34.386511,
                31.426534
              ],
              [
                34.386014,
                31.425931
              ],
              [
                34.385911,
                31.425993
              ],
              [
                34.386471,
                31.426719
              ],
              [
                34.386478,
                31.426729
              ],
              [
                34.386482,
                31.42674
              ],
              [
                34.386485,
                31.426751
              ],
              [
                34.386485,
                31.426762
              ],
              [
                34.386483,
                31.426773
              ],
              [
                34.38648,
                31.426783
              ],
              [
                34.386476,
                31.426795
              ],
              [
                34.386643,
                31.426547
              ]
            ]
          ]
        ]
      }
    },
    {
      "type": "Feature",
      "properties": {
        "Name": "شارع السلطاني",
        "Shape_Length": 356.26853912655173,
        "Shape_Area": 2297.85711488407,
        "اسم_الشارع": "شارع السلطاني",
        "المساحة_م2": 2297.86,
        "المحيط_م": 356.27,
        "نوع_العنصر": "شارع"
      },
      "geometry": {
        "type": "MultiPolygon",
        "coordinates": [
          [
            [
              [
                34.381953,
                31.420284
              ],
              [
                34.381631,
                31.41943
              ],
              [
                34.381495,
                31.418972
              ],
              [
                34.381493,
                31.418962
              ],
              [
                34.381493,
                31.418951
              ],
              [
                34.381494,
                31.418941
              ],
              [
                34.381497,
                31.418931
              ],
              [
                34.3815,
                31.418924
              ],
              [
                34.381502,
                31.418921
              ],
              [
                34.381486,
                31.418942
              ],
              [
                34.381486,
                31.418942
              ],
              [
                34.381485,
                31.418943
              ],
              [
                34.381485,
                31.418943
              ],
              [
                34.381372,
                31.419106
              ],
              [
                34.381358,
                31.419126
              ],
              [
                34.381268,
                31.419243
              ],
              [
                34.381276,
                31.419234
              ],
              [
                34.381286,
                31.419226
              ],
              [
                34.381298,
                31.41922
              ],
              [
                34.381311,
                31.419215
              ],
              [
                34.381324,
                31.419212
              ],
              [
                34.381338,
                31.419211
              ],
              [
                34.381352,
                31.419212
              ],
              [
                34.381365,
                31.419215
              ],
              [
                34.381378,
                31.41922
              ],
              [
                34.381389,
                31.419226
              ],
              [
                34.3814,
                31.419234
              ],
              [
                34.381408,
                31.419244
              ],
              [
                34.381415,
                31.419254
              ],
              [
                34.381419,
                31.419265
              ],
              [
                34.381479,
                31.419467
              ],
              [
                34.381803,
                31.420325
              ],
              [
                34.381953,
                31.420284
              ]
            ]
          ]
        ]
      }
    },
    {
      "type": "Feature",
      "properties": {
        "Name": "شارع السلطاني",
        "Shape_Length": 351.84677007849234,
        "Shape_Area": 1866.892173984597,
        "اسم_الشارع": "شارع السلطاني",
        "المساحة_م2": 1866.89,
        "المحيط_م": 351.85,
        "نوع_العنصر": "شارع"
      },
      "geometry": {
        "type": "MultiPolygon",
        "coordinates": [
          [
            [
              [
                34.38268,
                31.421476
              ],
              [
                34.382671,
                31.421479
              ],
              [
                34.382664,
                31.421479
              ],
              [
                34.38265,
                31.42148
              ],
              [
                34.382637,
                31.421479
              ],
              [
                34.382624,
                31.421477
              ],
              [
                34.382611,
                31.421472
              ],
              [
                34.3826,
                31.421466
              ],
              [
                34.38259,
                31.421458
              ],
              [
                34.382581,
                31.421449
              ],
              [
                34.382574,
                31.42144
              ],
              [
                34.382561,
                31.421417
              ],
              [
                34.382473,
                31.421275
              ],
              [
                34.382374,
                31.421075
              ],
              [
                34.382136,
                31.420669
              ],
              [
                34.38204,
                31.420507
              ],
              [
                34.382009,
                31.420443
              ],
              [
                34.381953,
                31.420284
              ],
              [
                34.381803,
                31.420325
              ],
              [
                34.381891,
                31.420483
              ],
              [
                34.381925,
                31.420552
              ],
              [
                34.382023,
                31.420718
              ],
              [
                34.382259,
                31.421121
              ],
              [
                34.382359,
                31.421322
              ],
              [
                34.382449,
                31.421466
              ],
              [
                34.382464,
                31.421493
              ],
              [
                34.38247,
                31.421505
              ],
              [
                34.382472,
                31.421517
              ],
              [
                34.382473,
                31.42153
              ],
              [
                34.382471,
                31.421542
              ],
              [
                34.382466,
                31.421554
              ],
              [
                34.382459,
                31.421564
              ],
              [
                34.38245,
                31.421574
              ],
              [
                34.382439,
                31.421582
              ],
              [
                34.382428,
                31.42159
              ],
              [
                34.382486,
                31.421564
              ],
              [
                34.382558,
                31.421532
              ],
              [
                34.38268,
                31.421476
              ]
            ]
          ]
        ]
      }
    },
    {
      "type": "Feature",
      "properties": {
        "Name": "شارع السلطاني",
        "Shape_Length": 731.5785345612347,
        "Shape_Area": 4125.252967812254,
        "اسم_الشارع": "شارع السلطاني",
        "المساحة_م2": 4125.25,
        "المحيط_م": 731.58,
        "نوع_العنصر": "شارع"
      },
      "geometry": {
        "type": "MultiPolygon",
        "coordinates": [
          [
            [
              [
                34.386014,
                31.425931
              ],
              [
                34.385429,
                31.425215
              ],
              [
                34.384921,
                31.424593
              ],
              [
                34.384552,
                31.424136
              ],
              [
                34.384259,
                31.423772
              ],
              [
                34.383998,
                31.423472
              ],
              [
                34.383991,
                31.423462
              ],
              [
                34.383986,
                31.423452
              ],
              [
                34.383982,
                31.423441
              ],
              [
                34.383981,
                31.42343
              ],
              [
                34.383982,
                31.423418
              ],
              [
                34.383985,
                31.423407
              ],
              [
                34.38399,
                31.423397
              ],
              [
                34.383997,
                31.423387
              ],
              [
                34.384005,
                31.423378
              ],
              [
                34.384016,
                31.423371
              ],
              [
                34.383947,
                31.423414
              ],
              [
                34.383846,
                31.423478
              ],
              [
                34.383813,
                31.423499
              ],
              [
                34.383778,
                31.42352
              ],
              [
                34.383791,
                31.423514
              ],
              [
                34.383804,
                31.423509
              ],
              [
                34.383819,
                31.423507
              ],
              [
                34.38382,
                31.423507
              ],
              [
                34.383833,
                31.423507
              ],
              [
                34.383848,
                31.423508
              ],
              [
                34.383848,
                31.423509
              ],
              [
                34.383858,
                31.423511
              ],
              [
                34.38386,
                31.423512
              ],
              [
                34.383866,
                31.423515
              ],
              [
                34.383875,
                31.423519
              ],
              [
                34.383878,
                31.42352
              ],
              [
                34.383882,
                31.423524
              ],
              [
                34.383896,
                31.423535
              ],
              [
                34.384002,
                31.423658
              ],
              [
                34.384157,
                31.423835
              ],
              [
                34.384448,
                31.424198
              ],
              [
                34.38474,
                31.42456
              ],
              [
                34.385325,
                31.425277
              ],
              [
                34.385911,
                31.425993
              ],
              [
                34.386014,
                31.425931
              ]
            ]
          ]
        ]
      }
    },
    {
      "type": "Feature",
      "properties": {
        "Name": "شارع السلطاني",
        "Shape_Length": 336.04969643107347,
        "Shape_Area": 1140.166993174427,
        "اسم_الشارع": "شارع السلطاني",
        "المساحة_م2": 1140.17,
        "المحيط_م": 336.05,
        "نوع_العنصر": "شارع"
      },
      "geometry": {
        "type": "MultiPolygon",
        "coordinates": [
          [
            [
              [
                34.383904,
                31.423273
              ],
              [
                34.383892,
                31.423279
              ],
              [
                34.38388,
                31.423284
              ],
              [
                34.383867,
                31.423287
              ],
              [
                34.383854,
                31.423288
              ],
              [
                34.383841,
                31.423287
              ],
              [
                34.383828,
                31.423284
              ],
              [
                34.383815,
                31.423279
              ],
              [
                34.383804,
                31.423273
              ],
              [
                34.383794,
                31.423266
              ],
              [
                34.383785,
                31.423257
              ],
              [
                34.383055,
                31.422365
              ],
              [
                34.383048,
                31.422355
              ],
              [
                34.383043,
                31.422343
              ],
              [
                34.38304,
                31.422332
              ],
              [
                34.38304,
                31.422319
              ],
              [
                34.383042,
                31.422308
              ],
              [
                34.383046,
                31.422296
              ],
              [
                34.383052,
                31.422285
              ],
              [
                34.383061,
                31.422276
              ],
              [
                34.383013,
                31.422314
              ],
              [
                34.382951,
                31.422364
              ],
              [
                34.38288,
                31.422421
              ],
              [
                34.382892,
                31.422413
              ],
              [
                34.382904,
                31.422407
              ],
              [
                34.382918,
                31.422404
              ],
              [
                34.382932,
                31.422402
              ],
              [
                34.382947,
                31.422402
              ],
              [
                34.382961,
                31.422404
              ],
              [
                34.382974,
                31.422408
              ],
              [
                34.382987,
                31.422415
              ],
              [
                34.382998,
                31.422423
              ],
              [
                34.383007,
                31.422432
              ],
              [
                34.38372,
                31.423302
              ],
              [
                34.383727,
                31.423313
              ],
              [
                34.383732,
                31.423325
              ],
              [
                34.383735,
                31.423337
              ],
              [
                34.383735,
                31.423349
              ],
              [
                34.383732,
                31.423361
              ],
              [
                34.383728,
                31.423373
              ],
              [
                34.383721,
                31.423384
              ],
              [
                34.383711,
                31.423393
              ],
              [
                34.3837,
                31.423402
              ],
              [
                34.383904,
                31.423273
              ]
            ]
          ]
        ]
      }
    },
    {
      "type": "Feature",
      "properties": {
        "Name": "شارع السلطاني",
        "Shape_Length": 189.3574497970517,
        "Shape_Area": 548.4114564309485,
        "اسم_الشارع": "شارع السلطاني",
        "المساحة_م2": 548.41,
        "المحيط_م": 189.36,
        "نوع_العنصر": "شارع"
      },
      "geometry": {
        "type": "MultiPolygon",
        "coordinates": [
          [
            [
              [
                34.383063,
                31.422053
              ],
              [
                34.38304,
                31.422066
              ],
              [
                34.383026,
                31.42207
              ],
              [
                34.383012,
                31.422072
              ],
              [
                34.382998,
                31.422071
              ],
              [
                34.382984,
                31.422069
              ],
              [
                34.38297,
                31.422064
              ],
              [
                34.382958,
                31.422058
              ],
              [
                34.382947,
                31.42205
              ],
              [
                34.382938,
                31.422041
              ],
              [
                34.38289,
                31.421981
              ],
              [
                34.382876,
                31.421962
              ],
              [
                34.38283,
                31.421891
              ],
              [
                34.382776,
                31.421808
              ],
              [
                34.382732,
                31.421744
              ],
              [
                34.382695,
                31.421686
              ],
              [
                34.382689,
                31.421676
              ],
              [
                34.382686,
                31.421665
              ],
              [
                34.382684,
                31.421654
              ],
              [
                34.382685,
                31.421642
              ],
              [
                34.382687,
                31.421631
              ],
              [
                34.382692,
                31.42162
              ],
              [
                34.382699,
                31.421611
              ],
              [
                34.382707,
                31.421602
              ],
              [
                34.382717,
                31.421594
              ],
              [
                34.382659,
                31.421632
              ],
              [
                34.382626,
                31.421654
              ],
              [
                34.382588,
                31.421671
              ],
              [
                34.382516,
                31.421703
              ],
              [
                34.382529,
                31.421698
              ],
              [
                34.382543,
                31.421696
              ],
              [
                34.382558,
                31.421695
              ],
              [
                34.382572,
                31.421696
              ],
              [
                34.382586,
                31.4217
              ],
              [
                34.382598,
                31.421706
              ],
              [
                34.38261,
                31.421713
              ],
              [
                34.38262,
                31.421722
              ],
              [
                34.382628,
                31.421732
              ],
              [
                34.382659,
                31.42178
              ],
              [
                34.382703,
                31.421844
              ],
              [
                34.382757,
                31.421926
              ],
              [
                34.382803,
                31.421997
              ],
              [
                34.382821,
                31.422022
              ],
              [
                34.38287,
                31.422083
              ],
              [
                34.382888,
                31.422105
              ],
              [
                34.382894,
                31.422115
              ],
              [
                34.382899,
                31.422126
              ],
              [
                34.382902,
                31.422137
              ],
              [
                34.382902,
                31.422149
              ],
              [
                34.382901,
                31.42216
              ],
              [
                34.382897,
                31.422172
              ],
              [
                34.382889,
                31.422185
              ],
              [
                34.382875,
                31.422199
              ],
              [
                34.382962,
                31.422132
              ],
              [
                34.383063,
                31.422053
              ]
            ]
          ]
        ]
      }
    },
    {
      "type": "Feature",
      "properties": {
        "Name": "شارع عز الدين القسام",
        "Shape_Length": 214.75113526296033,
        "Shape_Area": 682.3433617397117,
        "اسم_الشارع": "شارع عز الدين القسام",
        "المساحة_م2": 682.34,
        "المحيط_م": 214.75,
        "نوع_العنصر": "شارع"
      },
      "geometry": {
        "type": "MultiPolygon",
        "coordinates": [
          [
            [
              [
                34.388337,
                31.421611
              ],
              [
                34.387979,
                31.421628
              ],
              [
                34.387498,
                31.421724
              ],
              [
                34.387485,
                31.421725
              ],
              [
                34.387472,
                31.421724
              ],
              [
                34.387459,
                31.421721
              ],
              [
                34.387447,
                31.421717
              ],
              [
                34.387436,
                31.421711
              ],
              [
                34.387425,
                31.421703
              ],
              [
                34.387419,
                31.421694
              ],
              [
                34.387414,
                31.421686
              ],
              [
                34.38741,
                31.421675
              ],
              [
                34.387423,
                31.421734
              ],
              [
                34.387424,
                31.421737
              ],
              [
                34.387431,
                31.421769
              ],
              [
                34.387434,
                31.421782
              ],
              [
                34.387439,
                31.421807
              ],
              [
                34.387451,
                31.421873
              ],
              [
                34.387453,
                31.421861
              ],
              [
                34.387456,
                31.421849
              ],
              [
                34.38746,
                31.421837
              ],
              [
                34.387467,
                31.421826
              ],
              [
                34.387476,
                31.421817
              ],
              [
                34.387486,
                31.421808
              ],
              [
                34.387498,
                31.421801
              ],
              [
                34.387511,
                31.421796
              ],
              [
                34.387525,
                31.421793
              ],
              [
                34.388032,
                31.421685
              ],
              [
                34.388359,
                31.421672
              ],
              [
                34.388337,
                31.421611
              ]
            ]
          ]
        ]
      }
    },
    {
      "type": "Feature",
      "properties": {
        "Name": "شارع عز الدين القسام",
        "Shape_Length": 368.04897783890624,
        "Shape_Area": 2766.334634510558,
        "اسم_الشارع": "شارع عز الدين القسام",
        "المساحة_م2": 2766.33,
        "المحيط_م": 368.05,
        "نوع_العنصر": "شارع"
      },
      "geometry": {
        "type": "MultiPolygon",
        "coordinates": [
          [
            [
              [
                34.383836,
                31.424869
              ],
              [
                34.383918,
                31.424952
              ],
              [
                34.383943,
                31.424935
              ],
              [
                34.383966,
                31.424914
              ],
              [
                34.383984,
                31.424891
              ],
              [
                34.383997,
                31.424866
              ],
              [
                34.384006,
                31.424839
              ],
              [
                34.384009,
                31.424811
              ],
              [
                34.384007,
                31.424783
              ],
              [
                34.384001,
                31.424756
              ],
              [
                34.383989,
                31.42473
              ],
              [
                34.383972,
                31.424706
              ],
              [
                34.383965,
                31.424697
              ],
              [
                34.383924,
                31.424642
              ],
              [
                34.383638,
                31.42426
              ],
              [
                34.383633,
                31.424254
              ],
              [
                34.38349,
                31.424063
              ],
              [
                34.383448,
                31.424007
              ],
              [
                34.383441,
                31.423996
              ],
              [
                34.383427,
                31.423971
              ],
              [
                34.383413,
                31.423932
              ],
              [
                34.383406,
                31.423893
              ],
              [
                34.383407,
                31.423869
              ],
              [
                34.383407,
                31.423852
              ],
              [
                34.383416,
                31.423813
              ],
              [
                34.383432,
                31.423775
              ],
              [
                34.383432,
                31.423775
              ],
              [
                34.383456,
                31.42374
              ],
              [
                34.383486,
                31.423709
              ],
              [
                34.383521,
                31.423683
              ],
              [
                34.383515,
                31.423676
              ],
              [
                34.383427,
                31.423574
              ],
              [
                34.383171,
                31.423736
              ],
              [
                34.383158,
                31.423744
              ],
              [
                34.383147,
                31.423752
              ],
              [
                34.383138,
                31.423762
              ],
              [
                34.383131,
                31.423772
              ],
              [
                34.38313,
                31.423773
              ],
              [
                34.383126,
                31.423783
              ],
              [
                34.383124,
                31.423795
              ],
              [
                34.383123,
                31.423807
              ],
              [
                34.383126,
                31.423819
              ],
              [
                34.38313,
                31.423831
              ],
              [
                34.383137,
                31.423841
              ],
              [
                34.38317,
                31.423886
              ],
              [
                34.383197,
                31.423922
              ],
              [
                34.383251,
                31.423994
              ],
              [
                34.383353,
                31.42413
              ],
              [
                34.383415,
                31.424213
              ],
              [
                34.383442,
                31.424249
              ],
              [
                34.383445,
                31.424252
              ],
              [
                34.383468,
                31.424283
              ],
              [
                34.383518,
                31.424351
              ],
              [
                34.383658,
                31.424537
              ],
              [
                34.383663,
                31.424543
              ],
              [
                34.383735,
                31.42464
              ],
              [
                34.383736,
                31.424641
              ],
              [
                34.383821,
                31.424755
              ],
              [
                34.383839,
                31.424779
              ],
              [
                34.383846,
                31.424796
              ],
              [
                34.383849,
                31.424815
              ],
              [
                34.383849,
                31.424823
              ],
              [
                34.383848,
                31.424833
              ],
              [
                34.383844,
                31.424852
              ],
              [
                34.383839,
                31.424863
              ],
              [
                34.383838,
                31.424865
              ],
              [
                34.383836,
                31.424869
              ]
            ]
          ]
        ]
      }
    },
    {
      "type": "Feature",
      "properties": {
        "Name": "شارع ابو بكر الصديق",
        "Shape_Length": 68.18569564488342,
        "Shape_Area": 87.79602433306978,
        "اسم_الشارع": "شارع ابو بكر الصديق",
        "المساحة_م2": 87.8,
        "المحيط_م": 68.19,
        "نوع_العنصر": "شارع"
      },
      "geometry": {
        "type": "MultiPolygon",
        "coordinates": [
          [
            [
              [
                34.384294,
                31.429916
              ],
              [
                34.384421,
                31.429801
              ],
              [
                34.384421,
                31.429801
              ],
              [
                34.384427,
                31.429795
              ],
              [
                34.3844,
                31.429813
              ],
              [
                34.384369,
                31.429827
              ],
              [
                34.384336,
                31.429836
              ],
              [
                34.384301,
                31.429841
              ],
              [
                34.384266,
                31.42984
              ],
              [
                34.384232,
                31.429835
              ],
              [
                34.384199,
                31.429825
              ],
              [
                34.384169,
                31.42981
              ],
              [
                34.384142,
                31.429792
              ],
              [
                34.384294,
                31.429916
              ]
            ]
          ]
        ]
      }
    },
    {
      "type": "Feature",
      "properties": {
        "Name": "شارع ابو بكر الصديق",
        "Shape_Length": 1851.0721402310285,
        "Shape_Area": 17067.161811317907,
        "اسم_الشارع": "شارع ابو بكر الصديق",
        "المساحة_م2": 17067.16,
        "المحيط_م": 1851.07,
        "نوع_العنصر": "شارع"
      },
      "geometry": {
        "type": "MultiPolygon",
        "coordinates": [
          [
            [
              [
                34.383108,
                31.431174
              ],
              [
                34.383271,
                31.431037
              ],
              [
                34.383407,
                31.430925
              ],
              [
                34.383533,
                31.43082
              ],
              [
                34.383745,
                31.430641
              ],
              [
                34.384068,
                31.430372
              ],
              [
                34.38407,
                31.430371
              ],
              [
                34.384095,
                31.430353
              ],
              [
                34.384124,
                31.430338
              ],
              [
                34.384156,
                31.430328
              ],
              [
                34.384189,
                31.430322
              ],
              [
                34.384223,
                31.430321
              ],
              [
                34.384257,
                31.430324
              ],
              [
                34.384289,
                31.430332
              ],
              [
                34.38432,
                31.430345
              ],
              [
                34.384348,
                31.430361
              ],
              [
                34.384366,
                31.430376
              ],
              [
                34.384226,
                31.43024
              ],
              [
                34.384226,
                31.43024
              ],
              [
                34.384437,
                31.43005
              ],
              [
                34.384561,
                31.430168
              ],
              [
                34.384542,
                31.430142
              ],
              [
                34.384527,
                31.430113
              ],
              [
                34.384518,
                31.430083
              ],
              [
                34.384514,
                31.430052
              ],
              [
                34.384517,
                31.430021
              ],
              [
                34.384527,
                31.429991
              ],
              [
                34.384542,
                31.429964
              ],
              [
                34.384558,
                31.429941
              ],
              [
                34.384585,
                31.429916
              ],
              [
                34.384632,
                31.429862
              ],
              [
                34.384711,
                31.429747
              ],
              [
                34.384805,
                31.429604
              ],
              [
                34.384974,
                31.429359
              ],
              [
                34.385152,
                31.42909
              ],
              [
                34.385518,
                31.428562
              ],
              [
                34.385629,
                31.428412
              ],
              [
                34.385802,
                31.428154
              ],
              [
                34.386081,
                31.427744
              ],
              [
                34.386293,
                31.427438
              ],
              [
                34.386782,
                31.426698
              ],
              [
                34.386791,
                31.426685
              ],
              [
                34.387001,
                31.426388
              ],
              [
                34.387157,
                31.426168
              ],
              [
                34.387303,
                31.425957
              ],
              [
                34.387439,
                31.425764
              ],
              [
                34.387621,
                31.425505
              ],
              [
                34.387738,
                31.425335
              ],
              [
                34.387886,
                31.425129
              ],
              [
                34.387711,
                31.425028
              ],
              [
                34.387558,
                31.425241
              ],
              [
                34.38744,
                31.425412
              ],
              [
                34.387258,
                31.425671
              ],
              [
                34.387122,
                31.425864
              ],
              [
                34.386976,
                31.426075
              ],
              [
                34.386822,
                31.426294
              ],
              [
                34.386602,
                31.426607
              ],
              [
                34.386588,
                31.426628
              ],
              [
                34.3865,
                31.426758
              ],
              [
                34.386475,
                31.426796
              ],
              [
                34.386111,
                31.427347
              ],
              [
                34.3859,
                31.427652
              ],
              [
                34.385619,
                31.428064
              ],
              [
                34.385449,
                31.428319
              ],
              [
                34.385339,
                31.428468
              ],
              [
                34.384971,
                31.428999
              ],
              [
                34.384792,
                31.429268
              ],
              [
                34.384623,
                31.429514
              ],
              [
                34.384529,
                31.429656
              ],
              [
                34.384456,
                31.429762
              ],
              [
                34.384427,
                31.429796
              ],
              [
                34.384427,
                31.429796
              ],
              [
                34.384422,
                31.429802
              ],
              [
                34.384422,
                31.429803
              ],
              [
                34.384294,
                31.429917
              ],
              [
                34.384074,
                31.430115
              ],
              [
                34.383941,
                31.430006
              ],
              [
                34.383959,
                31.430031
              ],
              [
                34.383973,
                31.430057
              ],
              [
                34.383981,
                31.430085
              ],
              [
                34.383984,
                31.430114
              ],
              [
                34.383981,
                31.430143
              ],
              [
                34.383973,
                31.430171
              ],
              [
                34.38396,
                31.430198
              ],
              [
                34.383942,
                31.430222
              ],
              [
                34.383921,
                31.430243
              ],
              [
                34.38392,
                31.430244
              ],
              [
                34.383598,
                31.430512
              ],
              [
                34.383386,
                31.430691
              ],
              [
                34.383261,
                31.430796
              ],
              [
                34.383125,
                31.430908
              ],
              [
                34.382973,
                31.431034
              ],
              [
                34.382973,
                31.431035
              ],
              [
                34.382947,
                31.431053
              ],
              [
                34.382918,
                31.431067
              ],
              [
                34.382886,
                31.431078
              ],
              [
                34.382854,
                31.431084
              ],
              [
                34.38282,
                31.431085
              ],
              [
                34.382787,
                31.431082
              ],
              [
                34.382754,
                31.431074
              ],
              [
                34.382724,
                31.431062
              ],
              [
                34.382696,
                31.431046
              ],
              [
                34.382671,
                31.431027
              ],
              [
                34.382814,
                31.43116
              ],
              [
                34.382817,
                31.431164
              ],
              [
                34.382959,
                31.431295
              ],
              [
                34.382959,
                31.431295
              ],
              [
                34.383099,
                31.431425
              ],
              [
                34.383076,
                31.4314
              ],
              [
                34.383059,
                31.431373
              ],
              [
                34.383048,
                31.431344
              ],
              [
                34.383043,
                31.431313
              ],
              [
                34.383044,
                31.431282
              ],
              [
                34.383051,
                31.431252
              ],
              [
                34.383064,
                31.431223
              ],
              [
                34.383083,
                31.431196
              ],
              [
                34.383098,
                31.431182
              ],
              [
                34.383108,
                31.431174
              ]
            ]
          ]
        ]
      }
    }
  ]
}
